bank_decimal	bank_hex	start_hex	end_exclusive_hex	status	entries
0	00	000000	000010	classified	cartridge_header
0	00	000010	001E4B	unknown	
0	00	001E4B	001E6B	classified	fast_ground_5E4B
0	00	001E6B	001E8B	classified	fast_ground_5E6B
0	00	001E8B	002000	unknown	
1	01	002000	002267	unknown	
1	01	002267	002271	classified	stage_controller_main_pointers
1	01	002271	0022CA	unknown	
1	01	0022CA	0022D0	classified	stage_controller_gameplay_pointers
1	01	0022D0	003877	unknown	
1	01	003877	003883	classified	attract_demo_selectors
1	01	003883	004000	unknown	
2	02	004000	005100	unknown	
2	02	005100	0051F8	classified	object_metadata_pointers
2	02	0051F8	005200	unknown	
2	02	005200	005204	classified	object_metadata_9200
2	02	005204	005208	classified	object_metadata_9204
2	02	005208	00520C	classified	object_metadata_9208
2	02	00520C	005210	classified	object_metadata_920C
2	02	005210	005214	classified	object_metadata_9210
2	02	005214	005218	classified	object_metadata_9214
2	02	005218	00521C	classified	object_metadata_9218
2	02	00521C	005220	classified	object_metadata_921C
2	02	005220	005224	unknown	
2	02	005224	005228	classified	object_metadata_9224
2	02	005228	00522C	classified	object_metadata_9228
2	02	00522C	005230	classified	object_metadata_922C
2	02	005230	005234	classified	object_metadata_9230
2	02	005234	005238	classified	object_metadata_9234
2	02	005238	00523C	classified	object_metadata_9238
2	02	00523C	005240	classified	object_metadata_923C
2	02	005240	005244	classified	object_metadata_9240
2	02	005244	005248	classified	object_metadata_9244
2	02	005248	00524C	classified	object_metadata_9248
2	02	00524C	005250	classified	object_metadata_924C
2	02	005250	005254	classified	object_metadata_9250
2	02	005254	005258	classified	object_metadata_9254
2	02	005258	00525C	classified	object_metadata_9258
2	02	00525C	005260	classified	object_metadata_925C
2	02	005260	005264	classified	object_metadata_9260
2	02	005264	005268	classified	object_metadata_9264
2	02	005268	00526C	classified	object_metadata_9268
2	02	00526C	005270	classified	object_metadata_926C
2	02	005270	005274	classified	object_metadata_9270
2	02	005274	005278	classified	object_metadata_9274
2	02	005278	00527C	classified	object_metadata_9278
2	02	00527C	005280	classified	object_metadata_927C
2	02	005280	005284	classified	object_metadata_9280
2	02	005284	005288	classified	object_metadata_9284
2	02	005288	00528C	classified	object_metadata_9288
2	02	00528C	005290	classified	object_metadata_928C
2	02	005290	005294	classified	object_metadata_9290
2	02	005294	005298	classified	object_metadata_9294
2	02	005298	00529C	classified	object_metadata_9298
2	02	00529C	0052A0	classified	object_metadata_929C
2	02	0052A0	0052A4	classified	object_metadata_92A0
2	02	0052A4	0052A8	classified	object_metadata_92A4
2	02	0052A8	0052AC	classified	object_metadata_92A8
2	02	0052AC	0052B0	classified	object_metadata_92AC
2	02	0052B0	0052B4	classified	object_metadata_92B0
2	02	0052B4	0052B8	classified	object_metadata_92B4
2	02	0052B8	0052BC	classified	object_metadata_92B8
2	02	0052BC	0052C0	classified	object_metadata_92BC
2	02	0052C0	0052C4	classified	object_metadata_92C0
2	02	0052C4	0052C8	classified	object_metadata_92C4
2	02	0052C8	0052CC	classified	object_metadata_92C8
2	02	0052CC	0052D0	classified	object_metadata_92CC
2	02	0052D0	0052D4	classified	object_metadata_92D0
2	02	0052D4	0052D8	classified	object_metadata_92D4
2	02	0052D8	0052DC	classified	object_metadata_92D8
2	02	0052DC	0052E0	classified	object_metadata_92DC
2	02	0052E0	0052E4	classified	object_metadata_92E0
2	02	0052E4	0052E8	classified	object_metadata_92E4
2	02	0052E8	0052EC	classified	object_metadata_92E8
2	02	0052EC	0052F0	classified	object_metadata_92EC
2	02	0052F0	0052F4	classified	object_metadata_92F0
2	02	0052F4	0052F8	classified	object_metadata_92F4
2	02	0052F8	0052FC	classified	object_metadata_92F8
2	02	0052FC	005300	classified	object_metadata_92FC
2	02	005300	005304	classified	object_metadata_9300
2	02	005304	005308	classified	object_metadata_9304
2	02	005308	00530C	classified	object_metadata_9308
2	02	00530C	005310	classified	object_metadata_930C
2	02	005310	005314	classified	object_metadata_9310
2	02	005314	005318	classified	object_metadata_9314
2	02	005318	00531C	classified	object_metadata_9318
2	02	00531C	005320	classified	object_metadata_931C
2	02	005320	005324	classified	object_metadata_9320
2	02	005324	005328	classified	object_metadata_9324
2	02	005328	00532C	classified	object_metadata_9328
2	02	00532C	005330	classified	object_metadata_932C
2	02	005330	005334	classified	object_metadata_9330
2	02	005334	005338	classified	object_metadata_9334
2	02	005338	00533C	classified	object_metadata_9338
2	02	00533C	005340	classified	object_metadata_933C
2	02	005340	005344	unknown	
2	02	005344	005348	classified	object_metadata_9344
2	02	005348	00534C	classified	object_metadata_9348
2	02	00534C	005350	classified	object_metadata_934C
2	02	005350	005354	classified	object_metadata_9350
2	02	005354	005358	classified	object_metadata_9354
2	02	005358	00535C	classified	object_metadata_9358
2	02	00535C	005360	classified	object_metadata_935C
2	02	005360	005364	classified	object_metadata_9360
2	02	005364	005368	classified	object_metadata_9364
2	02	005368	00536C	classified	object_metadata_9368
2	02	00536C	005370	classified	object_metadata_936C
2	02	005370	005374	classified	object_metadata_9370
2	02	005374	005378	classified	object_metadata_9374
2	02	005378	00537C	classified	object_metadata_9378
2	02	00537C	005380	classified	object_metadata_937C
2	02	005380	005384	classified	object_metadata_9380
2	02	005384	005388	classified	object_metadata_9384
2	02	005388	00538C	classified	object_metadata_9388
2	02	00538C	005390	classified	object_metadata_938C
2	02	005390	005394	classified	object_metadata_9390
2	02	005394	005398	classified	object_metadata_9394
2	02	005398	00539C	classified	object_metadata_9398
2	02	00539C	0053A0	classified	object_metadata_939C
2	02	0053A0	0053A4	classified	object_metadata_93A0
2	02	0053A4	0053A8	classified	object_metadata_93A4
2	02	0053A8	0053AC	classified	object_metadata_93A8
2	02	0053AC	0053B0	classified	object_metadata_93AC
2	02	0053B0	0053B4	classified	object_metadata_93B0
2	02	0053B4	0053B8	classified	object_metadata_93B4
2	02	0053B8	0053BA	classified	stage0_spawn_pointer,spawn_stage_pointers
2	02	0053BA	0053CA	classified	spawn_stage_pointers
2	02	0053CA	00564E	classified	stage0_spawns,stage_00_spawns
2	02	00564E	005A44	classified	stage_01_spawns
2	02	005A44	005A46	unknown	
2	02	005A46	005C3D	classified	stage_02_spawns
2	02	005C3D	005C3E	unknown	
2	02	005C3E	005D9F	classified	stage_03_spawns
2	02	005D9F	005DA2	unknown	
2	02	005DA2	005F98	classified	stage_04_spawns
2	02	005F98	005F9A	unknown	
2	02	005F9A	006000	classified	stage_05_spawns
3	03	006000	006265	classified	stage_05_spawns
3	03	006265	006267	unknown	
3	03	006267	00636F	classified	stage_06_spawns
3	03	00636F	006449	classified	stage_07_spawns
3	03	006449	00644B	unknown	
3	03	00644B	00648C	classified	stage_08_spawns
3	03	00648C	008000	unknown	
4	04	008000	008459	unknown	
4	04	008459	008485	classified	collision_callback_dispatch_code
4	04	008485	0084D1	unknown	
4	04	0084D1	0086C1	classified	enemy_dispatch
4	04	0086C1	009CF6	unknown	
4	04	009CF6	009D0A	classified	destruction_score_values
4	04	009D0A	009E74	unknown	
4	04	009E74	009FEB	classified	object_destruction_records
4	04	009FEB	00A000	unknown	
5	05	00A000	00A1AA	unknown	
5	05	00A1AA	00A20D	classified	type27_collision_callback_code
5	05	00A20D	00A21D	classified	type27_collision_impulses
5	05	00A21D	00AE8C	unknown	
5	05	00AE8C	00AE94	classified	type43_state_dispatch
5	05	00AE94	00B5DD	unknown	
5	05	00B5DD	00B637	classified	type4D_collision_callback_code
5	05	00B637	00B647	classified	type4D_collision_velocities
5	05	00B647	00BB0A	unknown	
5	05	00BB0A	00BB1A	classified	type6A_stamp_pointers
5	05	00BB1A	00BB20	classified	type6A_stamp_9B1A
5	05	00BB20	00BB26	classified	type6A_stamp_9B20
5	05	00BB26	00BB2C	classified	type6A_stamp_9B26
5	05	00BB2C	00BB32	classified	type6A_stamp_9B2C
5	05	00BB32	00BB38	classified	type6A_stamp_9B32
5	05	00BB38	00C000	unknown	
6	06	00C000	00C2F2	unknown	
6	06	00C2F2	00C300	classified	type64_state_dispatch
6	06	00C300	00C3B0	unknown	
6	06	00C3B0	00C3C4	classified	type64_phase_records
6	06	00C3C4	00C486	unknown	
6	06	00C486	00C48C	classified	type64_sprite_by_tile
6	06	00C48C	00C494	classified	type64_directional_sprite
6	06	00C494	00C4A2	classified	type64_stamp_pointers
6	06	00C4A2	00C4B7	classified	type64_stamp_A4A2
6	06	00C4B7	00C4CC	classified	type64_stamp_A4B7
6	06	00C4CC	00C4E1	classified	type64_stamp_A4CC
6	06	00C4E1	00C4F6	classified	type64_stamp_A4E1
6	06	00C4F6	00C50B	classified	type64_stamp_A4F6
6	06	00C50B	00C520	classified	type64_stamp_A50B
6	06	00C520	00C530	classified	type64_stamp_A520
6	06	00C530	00CA36	unknown	
6	06	00CA36	00CA48	classified	type78_state_dispatch
6	06	00CA48	00CCDE	unknown	
6	06	00CCDE	00CCF2	classified	type78_stamp_pointers
6	06	00CCF2	00CD07	classified	type78_stamp_ACF2
6	06	00CD07	00CD21	classified	type78_stamp_AD07
6	06	00CD21	00CD3B	classified	type78_stamp_AD21
6	06	00CD3B	00CD55	classified	type78_stamp_AD3B
6	06	00CD55	00CD6F	classified	type78_stamp_AD55
6	06	00CD6F	00CD8E	classified	type78_stamp_AD6F
6	06	00CD8E	00CDAD	classified	type78_stamp_AD8E
6	06	00CDAD	00CDCC	classified	type78_stamp_ADAD
6	06	00CDCC	00CDEB	classified	type78_stamp_ADCC
6	06	00CDEB	00CE0A	classified	type78_stamp_ADEB
6	06	00CE0A	00D0D7	unknown	
6	06	00D0D7	00D0E3	classified	type77_state_dispatch
6	06	00D0E3	00D3DB	unknown	
6	06	00D3DB	00D423	classified	type77_child_records
6	06	00D423	00E000	unknown	
7	07	00E000	00E039	unknown	
7	07	00E039	00E0A5	classified	player_object_collision_scan
7	07	00E0A5	00E0E9	unknown	
7	07	00E0E9	00E219	classified	sprite_component_collision_code
7	07	00E219	00E26D	classified	sprite_collision_shapes
7	07	00E26D	00E496	unknown	
7	07	00E496	00E596	classified	sprite_type_pointers
7	07	00E596	00E696	classified	tile_type_pointers
7	07	00E696	00E7E4	unknown	
7	07	00E7E4	00E7F6	classified	tile_frame_list_87E4
7	07	00E7F6	00E7FE	classified	tile_frame_87F6
7	07	00E7FE	00E806	classified	tile_frame_87FE
7	07	00E806	00E80E	classified	tile_frame_8806
7	07	00E80E	00E816	classified	tile_frame_880E
7	07	00E816	00E81E	classified	tile_frame_8816
7	07	00E81E	00E826	classified	tile_frame_881E
7	07	00E826	00E82E	classified	tile_frame_8826
7	07	00E82E	00E836	classified	tile_frame_882E
7	07	00E836	00E83E	classified	tile_frame_8836
7	07	00E83E	00E85C	classified	tile_frame_list_883E
7	07	00E85C	00E892	classified	tile_frame_885C
7	07	00E892	00E8C8	classified	tile_frame_8892
7	07	00E8C8	00E8EC	classified	tile_frame_88C8
7	07	00E8EC	00E908	classified	tile_frame_88EC
7	07	00E908	00E92C	classified	tile_frame_8908
7	07	00E92C	00E950	classified	tile_frame_892C
7	07	00E950	00E977	classified	tile_frame_8950
7	07	00E977	00E9A3	classified	tile_frame_8977
7	07	00E9A3	00E9CF	classified	tile_frame_89A3
7	07	00E9CF	00E9F6	classified	tile_frame_89CF
7	07	00E9F6	00EA12	classified	tile_frame_89F6
7	07	00EA12	00EA36	classified	tile_frame_8A12
7	07	00EA36	00EA62	classified	tile_frame_8A36
7	07	00EA62	00EA6A	classified	tile_frame_8A62
7	07	00EA6A	00EA72	classified	tile_frame_8A6A
7	07	00EA72	00EA74	classified	tile_frame_list_8A72
7	07	00EA74	00EA84	classified	tile_frame_list_8A74
7	07	00EA84	00EA88	classified	tile_frame_list_8A84
7	07	00EA88	00EAB8	classified	tile_frame_list_8A88
7	07	00EAB8	00EABC	classified	tile_frame_list_8AB8
7	07	00EABC	00EAD0	classified	tile_frame_list_8ABC
7	07	00EAD0	00EADC	classified	tile_frame_list_8AD0
7	07	00EADC	00EB03	classified	tile_frame_8ADC
7	07	00EB03	00EB25	classified	tile_frame_8B03
7	07	00EB25	00EB30	classified	tile_frame_8B25
7	07	00EB30	00EB42	classified	tile_frame_8B30
7	07	00EB42	00EB5B	classified	tile_frame_8B42
7	07	00EB5B	00EB74	classified	tile_frame_8B5B
7	07	00EB74	00EB7E	classified	tile_frame_8B74
7	07	00EB7E	00EB8E	classified	tile_frame_8B7E
7	07	00EB8E	00EBA4	classified	tile_frame_8B8E
7	07	00EBA4	00EBC0	classified	tile_frame_8BA4
7	07	00EBC0	00EC14	classified	tile_frame_8BC0
7	07	00EC14	00EC68	classified	tile_frame_8C14
7	07	00EC68	00ECBC	classified	tile_frame_8C68
7	07	00ECBC	00ED10	classified	tile_frame_8CBC
7	07	00ED10	00ED1C	classified	tile_frame_8D10
7	07	00ED1C	00ED21	classified	tile_frame_8D1C
7	07	00ED21	00ED2D	classified	tile_frame_8D21
7	07	00ED2D	00ED39	classified	tile_frame_8D2D
7	07	00ED39	00ED45	classified	tile_frame_8D39
7	07	00ED45	00ED51	classified	tile_frame_8D45
7	07	00ED51	00ED5D	classified	tile_frame_8D51
7	07	00ED5D	00ED65	classified	tile_frame_8D5D
7	07	00ED65	00ED6D	classified	tile_frame_8D65
7	07	00ED6D	00ED75	classified	tile_frame_8D6D
7	07	00ED75	00ED7D	classified	tile_frame_8D75
7	07	00ED7D	00ED89	classified	tile_frame_8D7D
7	07	00ED89	00ED95	classified	tile_frame_8D89
7	07	00ED95	00EDA1	classified	tile_frame_8D95
7	07	00EDA1	00EDB1	classified	tile_frame_8DA1
7	07	00EDB1	00EDC1	classified	tile_frame_8DB1
7	07	00EDC1	00EDD1	classified	tile_frame_8DC1
7	07	00EDD1	00EDE1	classified	tile_frame_8DD1
7	07	00EDE1	00EDF1	classified	tile_frame_8DE1
7	07	00EDF1	00EE01	classified	tile_frame_8DF1
7	07	00EE01	00EE11	classified	tile_frame_8E01
7	07	00EE11	00EE21	classified	tile_frame_8E11
7	07	00EE21	00EE43	classified	tile_frame_8E21
7	07	00EE43	00EE65	classified	tile_frame_8E43
7	07	00EE65	00EE87	classified	tile_frame_8E65
7	07	00EE87	00EEA9	classified	tile_frame_8E87
7	07	00EEA9	00EECB	classified	tile_frame_8EA9
7	07	00EECB	00EEED	classified	tile_frame_8ECB
7	07	00EEED	00EF0F	classified	tile_frame_8EED
7	07	00EF0F	00EF31	classified	tile_frame_8F0F
7	07	00EF31	00EF41	classified	tile_frame_8F31
7	07	00EF41	00EF51	classified	tile_frame_8F41
7	07	00EF51	00EF61	classified	tile_frame_8F51
7	07	00EF61	00EF71	classified	tile_frame_8F61
7	07	00EF71	00EF81	classified	tile_frame_8F71
7	07	00EF81	00EF91	classified	tile_frame_8F81
7	07	00EF91	00EFA1	classified	tile_frame_8F91
7	07	00EFA1	00EFB1	classified	tile_frame_8FA1
7	07	00EFB1	00EFB7	classified	tile_frame_list_8FB1
7	07	00EFB7	00EFC7	classified	tile_frame_list_8FB7
7	07	00EFC7	00EFCB	classified	tile_frame_list_8FC7
7	07	00EFCB	00EFD3	classified	tile_frame_list_8FCB
7	07	00EFD3	00EFE9	classified	tile_frame_list_8FD3
7	07	00EFE9	00EFF9	classified	tile_frame_list_8FE9
7	07	00EFF9	00F04D	classified	tile_frame_8FF9
7	07	00F04D	00F0A1	classified	tile_frame_904D
7	07	00F0A1	00F0F5	classified	tile_frame_90A1
7	07	00F0F5	00F0FD	classified	tile_frame_90F5
7	07	00F0FD	00F105	classified	tile_frame_90FD
7	07	00F105	00F10D	classified	tile_frame_9105
7	07	00F10D	00F115	classified	tile_frame_910D
7	07	00F115	00F11D	classified	tile_frame_9115
7	07	00F11D	00F125	classified	tile_frame_911D
7	07	00F125	00F12D	classified	tile_frame_9125
7	07	00F12D	00F135	classified	tile_frame_912D
7	07	00F135	00F141	classified	tile_frame_9135
7	07	00F141	00F14D	classified	tile_frame_9141
7	07	00F14D	00F159	classified	tile_frame_914D
7	07	00F159	00F161	classified	tile_frame_9159
7	07	00F161	00F167	classified	tile_frame_9161
7	07	00F167	00F16D	classified	tile_frame_9167
7	07	00F16D	00F173	classified	tile_frame_916D
7	07	00F173	00F179	classified	tile_frame_9173
7	07	00F179	00F1D7	classified	tile_frame_9179
7	07	00F1D7	00F235	classified	tile_frame_91D7
7	07	00F235	00F281	classified	tile_frame_9235
7	07	00F281	00F2BB	classified	tile_frame_9281
7	07	00F2BB	00F2E3	classified	tile_frame_92BB
7	07	00F2E3	00F30F	classified	tile_frame_92E3
7	07	00F30F	00F34B	classified	tile_frame_930F
7	07	00F34B	00F381	classified	tile_frame_934B
7	07	00F381	00F3C6	classified	tile_frame_9381
7	07	00F3C6	00F40A	classified	tile_frame_93C6
7	07	00F40A	00F44E	classified	tile_frame_940A
7	07	00F44E	00F492	classified	tile_frame_944E
7	07	00F492	00F4D6	classified	tile_frame_9492
7	07	00F4D6	00F51A	classified	tile_frame_94D6
7	07	00F51A	00F55E	classified	tile_frame_951A
7	07	00F55E	00F5A2	classified	tile_frame_955E
7	07	00F5A2	00F5E6	classified	tile_frame_95A2
7	07	00F5E6	00F5EA	classified	tile_frame_list_95E6
7	07	00F5EA	00F5FA	classified	tile_frame_list_95EA
7	07	00F5FA	00F5FC	classified	tile_frame_list_95FA
7	07	00F5FC	00F601	classified	tile_frame_95FC
7	07	00F601	00F60D	classified	tile_frame_9601
7	07	00F60D	00F619	classified	tile_frame_960D
7	07	00F619	00F625	classified	tile_frame_9619
7	07	00F625	00F631	classified	tile_frame_9625
7	07	00F631	00F639	classified	tile_frame_9631
7	07	00F639	00F641	classified	tile_frame_9639
7	07	00F641	00F649	classified	tile_frame_9641
7	07	00F649	00F651	classified	tile_frame_9649
7	07	00F651	00F659	classified	tile_frame_9651
7	07	00F659	00F661	classified	tile_frame_9659
7	07	00F661	00F669	classified	tile_frame_9661
7	07	00F669	00F671	classified	tile_frame_9669
7	07	00F671	00F67B	classified	tile_frame_list_9671
7	07	00F67B	00F67F	classified	tile_frame_list_967B
7	07	00F67F	00F699	classified	tile_frame_list_967F
7	07	00F699	00F6A3	classified	tile_frame_list_9699
7	07	00F6A3	00F6AD	classified	tile_frame_list_96A3
7	07	00F6AD	00F6EB	classified	tile_frame_list_96AD
7	07	00F6EB	00F719	classified	tile_frame_96EB
7	07	00F719	00F747	classified	tile_frame_9719
7	07	00F747	00F764	classified	tile_frame_9747
7	07	00F764	00F781	classified	tile_frame_9764
7	07	00F781	00F79E	classified	tile_frame_9781
7	07	00F79E	00F7BB	classified	tile_frame_979E
7	07	00F7BB	00F7D8	classified	tile_frame_97BB
7	07	00F7D8	00F827	classified	tile_frame_97D8
7	07	00F827	00F85F	classified	tile_frame_9827
7	07	00F85F	00F8AE	classified	tile_frame_985F
7	07	00F8AE	00F8E6	classified	tile_frame_98AE
7	07	00F8E6	00F98A	classified	tile_frame_98E6
7	07	00F98A	00F9A6	classified	tile_frame_998A
7	07	00F9A6	00F9BA	classified	tile_frame_99A6
7	07	00F9BA	00F9CE	classified	tile_frame_99BA
7	07	00F9CE	00F9EA	classified	tile_frame_99CE
7	07	00F9EA	00FA06	classified	tile_frame_99EA
7	07	00FA06	00FA0B	classified	tile_frame_9A06
7	07	00FA0B	00FA1D	classified	tile_frame_9A0B
7	07	00FA1D	00FA2F	classified	tile_frame_9A1D
7	07	00FA2F	00FA41	classified	tile_frame_9A2F
7	07	00FA41	00FA53	classified	tile_frame_9A41
7	07	00FA53	00FA65	classified	tile_frame_9A53
7	07	00FA65	00FA77	classified	tile_frame_9A65
7	07	00FA77	00FA87	classified	tile_frame_9A77
7	07	00FA87	00FA97	classified	tile_frame_9A87
7	07	00FA97	00FAA7	classified	tile_frame_9A97
7	07	00FAA7	00FAB7	classified	tile_frame_9AA7
7	07	00FAB7	00FAC7	classified	tile_frame_9AB7
7	07	00FAC7	00FAD7	classified	tile_frame_9AC7
7	07	00FAD7	00FAEF	classified	tile_frame_list_9AD7
7	07	00FAEF	00FAF1	classified	tile_frame_list_9AEF
7	07	00FAF1	00FB05	classified	tile_frame_9AF1
7	07	00FB05	00FB19	classified	tile_frame_9B05
7	07	00FB19	00FB2D	classified	tile_frame_9B19
7	07	00FB2D	00FB41	classified	tile_frame_9B2D
7	07	00FB41	00FB55	classified	tile_frame_9B41
7	07	00FB55	00FB69	classified	tile_frame_9B55
7	07	00FB69	00FB7D	classified	tile_frame_9B69
7	07	00FB7D	00FB8D	classified	tile_frame_9B7D
7	07	00FB8D	00FB99	classified	tile_frame_9B8D
7	07	00FB99	00FBA1	classified	tile_frame_9B99
7	07	00FBA1	00FBB5	classified	tile_frame_9BA1
7	07	00FBB5	00FBC9	classified	tile_frame_9BB5
7	07	00FBC9	00FBDD	classified	tile_frame_9BC9
7	07	00FBDD	00FBFF	classified	tile_frame_list_9BDD
7	07	00FBFF	00FC13	classified	tile_frame_list_9BFF
7	07	00FC13	00FC19	classified	tile_frame_list_9C13
7	07	00FC19	00FC29	classified	tile_frame_list_9C19
7	07	00FC29	00FC3F	classified	tile_frame_list_9C29
7	07	00FC3F	00FC47	classified	tile_frame_9C3F
7	07	00FC47	00FC4F	classified	tile_frame_9C47
7	07	00FC4F	00FC57	classified	tile_frame_9C4F
7	07	00FC57	00FC5F	classified	tile_frame_9C57
7	07	00FC5F	00FC67	classified	tile_frame_9C5F
7	07	00FC67	00FC6F	classified	tile_frame_9C67
7	07	00FC6F	00FC77	classified	tile_frame_9C6F
7	07	00FC77	00FC7F	classified	tile_frame_9C77
7	07	00FC7F	00FCC3	classified	tile_frame_9C7F
7	07	00FCC3	00FD07	classified	tile_frame_9CC3
7	07	00FD07	00FD4B	classified	tile_frame_9D07
7	07	00FD4B	00FD77	classified	tile_frame_9D4B
7	07	00FD77	00FD7F	unknown	
7	07	00FD7F	00FDB3	classified	tile_frame_9D7F
7	07	00FDB3	00FDEF	classified	tile_frame_9DB3
7	07	00FDEF	00FE03	classified	tile_frame_9DEF
7	07	00FE03	00FE2F	classified	tile_frame_9E03
7	07	00FE2F	00FE63	classified	tile_frame_9E2F
7	07	00FE63	00FE9F	classified	tile_frame_9E63
7	07	00FE9F	00FEB3	classified	tile_frame_9E9F
7	07	00FEB3	00FEB7	classified	tile_frame_list_9EB3
7	07	00FEB7	00FEBB	classified	tile_frame_list_9EB7
7	07	00FEBB	00FF01	classified	tile_frame_list_9EBB
7	07	00FF01	00FF13	classified	tile_frame_list_9F01
7	07	00FF13	00FF37	classified	tile_frame_list_9F13
7	07	00FF37	00FF3C	classified	tile_frame_9F37
7	07	00FF3C	00FF45	classified	tile_frame_9F3C
7	07	00FF45	00FF53	classified	tile_frame_9F45
7	07	00FF53	00FF66	classified	tile_frame_9F53
7	07	00FF66	00FF7E	classified	tile_frame_9F66
7	07	00FF7E	00FF9B	classified	tile_frame_9F7E
7	07	00FF9B	00FFBD	classified	tile_frame_9F9B
7	07	00FFBD	00FFE4	classified	tile_frame_9FBD
7	07	00FFE4	010000	classified	tile_frame_9FE4
8	08	010000	010010	classified	tile_frame_9FE4
8	08	010010	010041	classified	tile_frame_A010
8	08	010041	01004A	classified	tile_frame_A041
8	08	01004A	010058	classified	tile_frame_A04A
8	08	010058	01006B	classified	tile_frame_A058
8	08	01006B	010083	classified	tile_frame_A06B
8	08	010083	0100A0	classified	tile_frame_A083
8	08	0100A0	0100C2	classified	tile_frame_A0A0
8	08	0100C2	0100E9	classified	tile_frame_A0C2
8	08	0100E9	010109	classified	tile_frame_A0E9
8	08	010109	010129	classified	tile_frame_A109
8	08	010129	010149	classified	tile_frame_A129
8	08	010149	0101B5	classified	tile_frame_A149
8	08	0101B5	0101F1	classified	tile_frame_A1B5
8	08	0101F1	01022D	classified	tile_frame_A1F1
8	08	01022D	010240	classified	tile_frame_A22D
8	08	010240	010253	classified	tile_frame_A240
8	08	010253	010307	classified	tile_frame_A253
8	08	010307	010343	classified	tile_frame_A307
8	08	010343	01037F	classified	tile_frame_A343
8	08	01037F	010443	classified	tile_frame_A37F
8	08	010443	01045F	classified	tile_frame_A443
8	08	01045F	01047B	classified	tile_frame_A45F
8	08	01047B	010497	classified	tile_frame_A47B
8	08	010497	0104B3	classified	tile_frame_A497
8	08	0104B3	0104BB	classified	tile_frame_A4B3
8	08	0104BB	0104C3	classified	tile_frame_A4BB
8	08	0104C3	0104CB	classified	tile_frame_A4C3
8	08	0104CB	0104D7	classified	tile_frame_A4CB
8	08	0104D7	0104E7	classified	tile_frame_A4D7
8	08	0104E7	0104F7	classified	tile_frame_A4E7
8	08	0104F7	01050B	classified	tile_frame_A4F7
8	08	01050B	010513	classified	tile_frame_A50B
8	08	010513	01051B	classified	tile_frame_A513
8	08	01051B	010523	classified	tile_frame_A51B
8	08	010523	01052B	classified	tile_frame_A523
8	08	01052B	010533	classified	tile_frame_A52B
8	08	010533	01053B	classified	tile_frame_A533
8	08	01053B	010543	classified	tile_frame_A53B
8	08	010543	01054F	classified	tile_frame_A543
8	08	01054F	01055F	classified	tile_frame_A54F
8	08	01055F	010573	classified	tile_frame_A55F
8	08	010573	01058B	classified	tile_frame_A573
8	08	01058B	0105A7	classified	tile_frame_A58B
8	08	0105A7	0105C7	classified	tile_frame_A5A7
8	08	0105C7	0105E7	classified	tile_frame_A5C7
8	08	0105E7	010607	classified	tile_frame_A5E7
8	08	010607	010613	classified	tile_frame_A607
8	08	010613	01061F	classified	tile_frame_A613
8	08	01061F	01062B	classified	tile_frame_A61F
8	08	01062B	010637	classified	tile_frame_list_A62B
8	08	010637	010641	classified	tile_frame_list_A637
8	08	010641	01065F	classified	tile_frame_list_A641
8	08	01065F	010677	classified	tile_frame_list_A65F
8	08	010677	01067C	classified	tile_frame_A677
8	08	01067C	01068F	classified	tile_frame_A67C
8	08	01068F	0106AF	classified	tile_frame_A68F
8	08	0106AF	0106E3	classified	tile_frame_A6AF
8	08	0106E3	010741	classified	tile_frame_A6E3
8	08	010741	010785	classified	tile_frame_A741
8	08	010785	0107A7	classified	tile_frame_A785
8	08	0107A7	0107AE	classified	tile_frame_A7A7
8	08	0107AE	0107D0	classified	tile_frame_A7AE
8	08	0107D0	010806	classified	tile_frame_A7D0
8	08	010806	01080C	classified	tile_frame_A806
8	08	01080C	010842	classified	tile_frame_A80C
8	08	010842	01088C	classified	tile_frame_A842
8	08	01088C	0108A8	classified	tile_frame_A88C
8	08	0108A8	010906	classified	tile_frame_A8A8
8	08	010906	01096E	classified	tile_frame_A906
8	08	01096E	0109B1	classified	tile_frame_A96E
8	08	0109B1	0109C5	classified	tile_frame_A9B1
8	08	0109C5	0109D9	classified	sprite_frame_list_A9C5
8	08	0109D9	0109E1	classified	sprite_frame_list_A9D9
8	08	0109E1	0109E3	classified	sprite_frame_list_A9E1
8	08	0109E3	010A07	classified	sprite_frame_list_A9E3
8	08	010A07	010A09	classified	sprite_frame_list_AA07
8	08	010A09	010A19	classified	sprite_frame_list_AA09
8	08	010A19	010A1B	classified	sprite_frame_list_AA19
8	08	010A1B	010A3B	classified	sprite_frame_list_AA1B
8	08	010A3B	010A41	classified	sprite_frame_list_AA3B
8	08	010A41	010A48	classified	sprite_frame_AA41
8	08	010A48	010A4F	classified	sprite_frame_AA48
8	08	010A4F	010A56	classified	sprite_frame_AA4F
8	08	010A56	010A5D	classified	sprite_frame_AA56
8	08	010A5D	010A64	classified	sprite_frame_AA5D
8	08	010A64	010A6B	classified	sprite_frame_AA64
8	08	010A6B	010A72	classified	sprite_frame_AA6B
8	08	010A72	010A79	classified	sprite_frame_AA72
8	08	010A79	010A80	classified	sprite_frame_AA79
8	08	010A80	010A87	classified	sprite_frame_AA80
8	08	010A87	010A8E	classified	sprite_frame_AA87
8	08	010A8E	010A95	classified	sprite_frame_AA8E
8	08	010A95	010A9C	classified	sprite_frame_AA95
8	08	010A9C	010AA3	classified	sprite_frame_AA9C
8	08	010AA3	010AAA	classified	sprite_frame_AAA3
8	08	010AAA	010AB1	classified	sprite_frame_AAAA
8	08	010AB1	010AB8	classified	sprite_frame_AAB1
8	08	010AB8	010ABF	classified	sprite_frame_AAB8
8	08	010ABF	010AC6	classified	sprite_frame_AABF
8	08	010AC6	010ACD	classified	sprite_frame_AAC6
8	08	010ACD	010AE0	classified	sprite_frame_AACD
8	08	010AE0	010AF3	classified	sprite_frame_AAE0
8	08	010AF3	010B06	classified	sprite_frame_AAF3
8	08	010B06	010B13	classified	sprite_frame_AB06
8	08	010B13	010B20	classified	sprite_frame_AB13
8	08	010B20	010B2D	classified	sprite_frame_AB20
8	08	010B2D	010B34	classified	sprite_frame_AB2D
8	08	010B34	010B3B	classified	sprite_frame_AB34
8	08	010B3B	010B42	classified	sprite_frame_AB3B
8	08	010B42	010B49	classified	sprite_frame_AB42
8	08	010B49	010B50	classified	sprite_frame_AB49
8	08	010B50	010B57	classified	sprite_frame_AB50
8	08	010B57	010B5E	classified	sprite_frame_AB57
8	08	010B5E	010B65	classified	sprite_frame_AB5E
8	08	010B65	010B6C	classified	sprite_frame_AB65
8	08	010B6C	010B73	unknown	
8	08	010B73	010B7A	classified	sprite_frame_AB73
8	08	010B7A	010B81	classified	sprite_frame_AB7A
8	08	010B81	010B88	classified	sprite_frame_AB81
8	08	010B88	010B8F	classified	sprite_frame_AB88
8	08	010B8F	010B96	classified	sprite_frame_AB8F
8	08	010B96	010B9D	classified	sprite_frame_AB96
8	08	010B9D	010BA4	classified	sprite_frame_AB9D
8	08	010BA4	010BAB	classified	sprite_frame_ABA4
8	08	010BAB	010BB2	classified	sprite_frame_ABAB
8	08	010BB2	010BB9	classified	sprite_frame_ABB2
8	08	010BB9	010BC0	classified	sprite_frame_ABB9
8	08	010BC0	010BC7	classified	sprite_frame_ABC0
8	08	010BC7	010BCE	classified	sprite_frame_ABC7
8	08	010BCE	010BD5	classified	sprite_frame_ABCE
8	08	010BD5	010BDC	classified	sprite_frame_ABD5
8	08	010BDC	010BE3	classified	sprite_frame_ABDC
8	08	010BE3	010BEA	classified	sprite_frame_ABE3
8	08	010BEA	010BF1	classified	sprite_frame_ABEA
8	08	010BF1	010BF8	classified	sprite_frame_ABF1
8	08	010BF8	010BFF	classified	sprite_frame_ABF8
8	08	010BFF	010C06	classified	sprite_frame_ABFF
8	08	010C06	010C0D	classified	sprite_frame_AC06
8	08	010C0D	010C14	classified	sprite_frame_AC0D
8	08	010C14	010C1B	classified	sprite_frame_AC14
8	08	010C1B	010C22	classified	sprite_frame_AC1B
8	08	010C22	010C28	classified	sprite_frame_list_AC22
8	08	010C28	010C2E	classified	sprite_frame_list_AC28
8	08	010C2E	010C32	classified	sprite_frame_list_AC2E
8	08	010C32	010C36	classified	sprite_frame_list_AC32
8	08	010C36	010C38	classified	sprite_frame_list_AC36
8	08	010C38	010C3A	classified	sprite_frame_list_AC38
8	08	010C3A	010C3C	classified	sprite_frame_list_AC3A
8	08	010C3C	010C40	classified	sprite_frame_list_AC3C
8	08	010C40	010C4A	classified	sprite_frame_list_AC40
8	08	010C4A	010C6A	classified	sprite_frame_list_AC4A
8	08	010C6A	010C71	classified	sprite_frame_AC6A
8	08	010C71	010C78	classified	sprite_frame_AC71
8	08	010C78	010C7F	classified	sprite_frame_AC78
8	08	010C7F	010C86	classified	sprite_frame_AC7F
8	08	010C86	010C8D	classified	sprite_frame_AC86
8	08	010C8D	010C94	classified	sprite_frame_AC8D
8	08	010C94	010C9B	classified	sprite_frame_AC94
8	08	010C9B	010CA2	classified	sprite_frame_AC9B
8	08	010CA2	010CA9	classified	sprite_frame_ACA2
8	08	010CA9	010CB0	classified	sprite_frame_ACA9
8	08	010CB0	010CB7	unknown	
8	08	010CB7	010CBE	classified	sprite_frame_ACB7
8	08	010CBE	010CC5	classified	sprite_frame_ACBE
8	08	010CC5	010CCC	classified	sprite_frame_ACC5
8	08	010CCC	010CD3	classified	sprite_frame_ACCC
8	08	010CD3	010CDA	classified	sprite_frame_ACD3
8	08	010CDA	010CE1	classified	sprite_frame_ACDA
8	08	010CE1	010CE8	classified	sprite_frame_ACE1
8	08	010CE8	010CEF	classified	sprite_frame_ACE8
8	08	010CEF	010CF6	classified	sprite_frame_ACEF
8	08	010CF6	010CFD	classified	sprite_frame_ACF6
8	08	010CFD	010D04	classified	sprite_frame_ACFD
8	08	010D04	010D0B	classified	sprite_frame_AD04
8	08	010D0B	010D12	classified	sprite_frame_AD0B
8	08	010D12	010D19	classified	sprite_frame_AD12
8	08	010D19	010D20	classified	sprite_frame_AD19
8	08	010D20	010D27	classified	sprite_frame_AD20
8	08	010D27	010D2E	classified	sprite_frame_AD27
8	08	010D2E	010D35	classified	sprite_frame_AD2E
8	08	010D35	010D3C	classified	sprite_frame_AD35
8	08	010D3C	010D43	classified	sprite_frame_AD3C
8	08	010D43	010D4A	classified	sprite_frame_AD43
8	08	010D4A	010D51	classified	sprite_frame_AD4A
8	08	010D51	010D58	classified	sprite_frame_AD51
8	08	010D58	010D5F	classified	sprite_frame_AD58
8	08	010D5F	010D66	classified	sprite_frame_AD5F
8	08	010D66	010D6D	classified	sprite_frame_AD66
8	08	010D6D	010D6F	classified	sprite_frame_list_AD6D
8	08	010D6F	010D79	classified	sprite_frame_list_AD6F
8	08	010D79	010D81	classified	sprite_frame_list_AD79
8	08	010D81	010D83	classified	sprite_frame_list_AD81
8	08	010D83	010D87	classified	sprite_frame_list_AD83
8	08	010D87	010D89	classified	sprite_frame_list_AD87
8	08	010D89	010D8F	classified	sprite_frame_list_AD89
8	08	010D8F	010D91	classified	sprite_frame_list_AD8F
8	08	010D91	010D98	classified	sprite_frame_AD91
8	08	010D98	010DB1	classified	sprite_frame_AD98
8	08	010DB1	010DCA	classified	sprite_frame_ADB1
8	08	010DCA	010DE3	classified	sprite_frame_ADCA
8	08	010DE3	010DEA	classified	sprite_frame_ADE3
8	08	010DEA	010DF1	classified	sprite_frame_ADEA
8	08	010DF1	010DF8	classified	sprite_frame_ADF1
8	08	010DF8	010DFF	classified	sprite_frame_ADF8
8	08	010DFF	010E06	classified	sprite_frame_ADFF
8	08	010E06	010E0D	classified	sprite_frame_AE06
8	08	010E0D	010E14	classified	sprite_frame_AE0D
8	08	010E14	010E27	classified	sprite_frame_AE14
8	08	010E27	010E2E	classified	sprite_frame_AE27
8	08	010E2E	010E35	classified	sprite_frame_AE2E
8	08	010E35	010E3C	classified	sprite_frame_AE35
8	08	010E3C	010E43	classified	sprite_frame_AE3C
8	08	010E43	010E4A	classified	sprite_frame_AE43
8	08	010E4A	010E4E	classified	sprite_frame_list_AE4A
8	08	010E4E	010E50	classified	sprite_frame_list_AE4E
8	08	010E50	010E52	classified	sprite_frame_list_AE50
8	08	010E52	010E56	classified	sprite_frame_list_AE52
8	08	010E56	010E58	classified	sprite_frame_list_AE56
8	08	010E58	010E5A	classified	sprite_frame_list_AE58
8	08	010E5A	010E5E	classified	sprite_frame_list_AE5A
8	08	010E5E	010E6A	classified	sprite_frame_list_AE5E
8	08	010E6A	010E77	classified	sprite_frame_AE6A
8	08	010E77	010E84	classified	sprite_frame_AE77
8	08	010E84	010E8B	classified	sprite_frame_AE84
8	08	010E8B	010EAA	classified	sprite_frame_AE8B
8	08	010EAA	010EB7	classified	sprite_frame_AEAA
8	08	010EB7	010EC4	classified	sprite_frame_AEB7
8	08	010EC4	010ED1	classified	sprite_frame_AEC4
8	08	010ED1	010ED8	classified	sprite_frame_AED1
8	08	010ED8	010EDF	classified	sprite_frame_AED8
8	08	010EDF	010EE6	classified	sprite_frame_AEDF
8	08	010EE6	010EF3	classified	sprite_frame_AEE6
8	08	010EF3	010F00	classified	sprite_frame_AEF3
8	08	010F00	010F0D	classified	sprite_frame_AF00
8	08	010F0D	010F1A	classified	sprite_frame_AF0D
8	08	010F1A	010F27	classified	sprite_frame_AF1A
8	08	010F27	010F34	classified	sprite_frame_AF27
8	08	010F34	010F36	classified	sprite_frame_list_AF34
8	08	010F36	010F38	classified	sprite_frame_list_AF36
8	08	010F38	010F3C	classified	sprite_frame_list_AF38
8	08	010F3C	010F3E	classified	sprite_frame_list_AF3C
8	08	010F3E	010F51	classified	sprite_frame_AF3E
8	08	010F51	010F58	classified	sprite_frame_AF51
8	08	010F58	010F5F	classified	sprite_frame_AF58
8	08	010F5F	010F66	classified	sprite_frame_AF5F
8	08	010F66	010F6D	classified	sprite_frame_AF66
8	08	010F6D	010F75	classified	sprite_frame_list_AF6D
8	08	010F75	010F85	classified	sprite_frame_list_AF75
8	08	010F85	010F92	classified	sprite_frame_AF85
8	08	010F92	010F9F	classified	sprite_frame_AF92
8	08	010F9F	010FAC	classified	sprite_frame_AF9F
8	08	010FAC	010FB9	classified	sprite_frame_AFAC
8	08	010FB9	010FC6	classified	sprite_frame_AFB9
8	08	010FC6	010FD3	classified	sprite_frame_AFC6
8	08	010FD3	010FE0	classified	sprite_frame_AFD3
8	08	010FE0	010FED	classified	sprite_frame_AFE0
8	08	010FED	010FF4	classified	sprite_frame_AFED
8	08	010FF4	010FFB	classified	sprite_frame_AFF4
8	08	010FFB	011002	classified	sprite_frame_AFFB
8	08	011002	011009	classified	sprite_frame_B002
8	08	011009	011011	classified	sprite_frame_list_B009
8	08	011011	011013	classified	sprite_frame_list_B011
8	08	011013	011015	classified	sprite_frame_list_B013
8	08	011015	01101C	classified	sprite_frame_B015
8	08	01101C	011023	classified	sprite_frame_B01C
8	08	011023	01102A	classified	sprite_frame_B023
8	08	01102A	011031	classified	sprite_frame_B02A
8	08	011031	011038	classified	sprite_frame_B031
8	08	011038	01103F	classified	sprite_frame_B038
8	08	01103F	011057	classified	sprite_frame_list_B03F
8	08	011057	01105E	classified	sprite_frame_B057
8	08	01105E	011065	classified	sprite_frame_B05E
8	08	011065	01106C	classified	sprite_frame_B065
8	08	01106C	011073	classified	sprite_frame_B06C
8	08	011073	01107A	classified	sprite_frame_B073
8	08	01107A	011081	classified	sprite_frame_B07A
8	08	011081	011088	classified	sprite_frame_B081
8	08	011088	01108F	classified	sprite_frame_B088
8	08	01108F	011096	classified	sprite_frame_B08F
8	08	011096	01109D	classified	sprite_frame_B096
8	08	01109D	0110A4	classified	sprite_frame_B09D
8	08	0110A4	0110AB	classified	sprite_frame_B0A4
8	08	0110AB	0110AF	classified	sprite_frame_list_B0AB
8	08	0110AF	0110B1	classified	sprite_frame_list_B0AF
8	08	0110B1	0110B9	classified	sprite_frame_list_B0B1
8	08	0110B9	0110BD	classified	sprite_frame_list_B0B9
8	08	0110BD	0110C1	classified	sprite_frame_list_B0BD
8	08	0110C1	0110E5	classified	sprite_frame_list_B0C1
8	08	0110E5	0110EC	classified	sprite_frame_B0E5
8	08	0110EC	0110F3	classified	sprite_frame_B0EC
8	08	0110F3	0110FA	classified	sprite_frame_B0F3
8	08	0110FA	011101	classified	sprite_frame_B0FA
8	08	011101	011108	classified	sprite_frame_B101
8	08	011108	01110F	classified	sprite_frame_B108
8	08	01110F	011116	classified	sprite_frame_B10F
8	08	011116	01111D	classified	sprite_frame_B116
8	08	01111D	011124	classified	sprite_frame_B11D
8	08	011124	01112B	classified	sprite_frame_B124
8	08	01112B	011132	classified	sprite_frame_B12B
8	08	011132	011139	classified	sprite_frame_B132
8	08	011139	011140	classified	sprite_frame_B139
8	08	011140	011147	classified	sprite_frame_B140
8	08	011147	01114E	classified	sprite_frame_B147
8	08	01114E	011155	classified	sprite_frame_B14E
8	08	011155	01115C	classified	sprite_frame_B155
8	08	01115C	011163	classified	sprite_frame_B15C
8	08	011163	01116A	classified	sprite_frame_B163
8	08	01116A	011171	classified	sprite_frame_B16A
8	08	011171	011178	classified	sprite_frame_B171
8	08	011178	01117F	classified	sprite_frame_B178
8	08	01117F	011186	classified	sprite_frame_B17F
8	08	011186	01118D	classified	sprite_frame_B186
8	08	01118D	011194	classified	sprite_frame_B18D
8	08	011194	01119B	classified	sprite_frame_B194
8	08	01119B	01119D	classified	sprite_frame_list_B19B
8	08	01119D	0111AD	classified	sprite_frame_list_B19D
8	08	0111AD	0111B1	classified	sprite_frame_list_B1AD
8	08	0111B1	0111B5	classified	sprite_frame_list_B1B1
8	08	0111B5	0111BD	classified	sprite_frame_list_B1B5
8	08	0111BD	0111C4	classified	sprite_frame_B1BD
8	08	0111C4	0111D1	classified	sprite_frame_B1C4
8	08	0111D1	0111DE	classified	sprite_frame_B1D1
8	08	0111DE	0111EB	classified	sprite_frame_B1DE
8	08	0111EB	0111F8	classified	sprite_frame_B1EB
8	08	0111F8	011205	classified	sprite_frame_B1F8
8	08	011205	011212	classified	sprite_frame_B205
8	08	011212	01121F	classified	sprite_frame_B212
8	08	01121F	01122C	classified	sprite_frame_B21F
8	08	01122C	011239	classified	sprite_frame_B22C
8	08	011239	011246	classified	sprite_frame_B239
8	08	011246	011259	classified	sprite_frame_B246
8	08	011259	01126C	classified	sprite_frame_B259
8	08	01126C	011279	classified	sprite_frame_B26C
8	08	011279	011286	classified	sprite_frame_B279
8	08	011286	011293	classified	sprite_frame_B286
8	08	011293	0112A0	classified	sprite_frame_B293
8	08	0112A0	0112A2	classified	sprite_frame_list_B2A0
8	08	0112A2	0112A6	classified	sprite_frame_list_B2A2
8	08	0112A6	0112AC	classified	sprite_frame_list_B2A6
8	08	0112AC	0112B0	classified	sprite_frame_list_B2AC
8	08	0112B0	0112B4	classified	sprite_frame_list_B2B0
8	08	0112B4	0112B6	classified	sprite_frame_list_B2B4
8	08	0112B6	0112C6	classified	sprite_frame_list_B2B6
8	08	0112C6	0112CE	classified	sprite_frame_list_B2C6
8	08	0112CE	0112D6	classified	sprite_frame_list_B2CE
8	08	0112D6	0112D8	classified	sprite_frame_list_B2D6
8	08	0112D8	0112DA	classified	sprite_frame_list_B2D8
8	08	0112DA	0112DC	classified	sprite_frame_list_B2DA
8	08	0112DC	0112E2	classified	sprite_frame_list_B2DC
8	08	0112E2	0112EA	classified	sprite_frame_list_B2E2
8	08	0112EA	0112F1	classified	sprite_frame_B2EA
8	08	0112F1	0112F8	classified	sprite_frame_B2F1
8	08	0112F8	0112FF	classified	sprite_frame_B2F8
8	08	0112FF	011306	classified	sprite_frame_B2FF
8	08	011306	01130D	classified	sprite_frame_B306
8	08	01130D	011314	classified	sprite_frame_B30D
8	08	011314	01131B	classified	sprite_frame_B314
8	08	01131B	011322	classified	sprite_frame_B31B
8	08	011322	011329	classified	sprite_frame_B322
8	08	011329	011330	classified	sprite_frame_B329
8	08	011330	011337	classified	sprite_frame_B330
8	08	011337	01133E	classified	sprite_frame_B337
8	08	01133E	011345	classified	sprite_frame_B33E
8	08	011345	01134C	classified	sprite_frame_B345
8	08	01134C	011353	classified	sprite_frame_B34C
8	08	011353	01135A	classified	sprite_frame_B353
8	08	01135A	011361	classified	sprite_frame_B35A
8	08	011361	011368	classified	sprite_frame_B361
8	08	011368	01136F	classified	sprite_frame_B368
8	08	01136F	011376	classified	sprite_frame_B36F
8	08	011376	01137D	classified	sprite_frame_B376
8	08	01137D	011384	classified	sprite_frame_B37D
8	08	011384	011397	classified	sprite_frame_B384
8	08	011397	0113AA	classified	sprite_frame_B397
8	08	0113AA	0113BD	classified	sprite_frame_B3AA
8	08	0113BD	0113D0	classified	sprite_frame_B3BD
8	08	0113D0	0113D7	classified	sprite_frame_B3D0
8	08	0113D7	0113DE	classified	sprite_frame_B3D7
8	08	0113DE	0113E5	classified	sprite_frame_B3DE
8	08	0113E5	0113EC	classified	sprite_frame_B3E5
8	08	0113EC	0113F3	classified	sprite_frame_B3EC
8	08	0113F3	0113FA	classified	sprite_frame_B3F3
8	08	0113FA	011401	classified	sprite_frame_B3FA
8	08	011401	011408	classified	sprite_frame_B401
8	08	011408	01140F	classified	sprite_frame_B408
8	08	01140F	011416	classified	sprite_frame_B40F
8	08	011416	011508	classified	tile_frame_B416
8	08	011508	011548	classified	tile_frame_B508
8	08	011548	011584	classified	tile_frame_B548
8	08	011584	0115C0	classified	tile_frame_B584
8	08	0115C0	0115FC	classified	tile_frame_B5C0
8	08	0115FC	011638	classified	tile_frame_B5FC
8	08	011638	011674	classified	tile_frame_B638
8	08	011674	0116B0	classified	tile_frame_B674
8	08	0116B0	0116EC	classified	tile_frame_B6B0
8	08	0116EC	011728	classified	tile_frame_B6EC
8	08	011728	01173B	classified	tile_frame_B728
8	08	01173B	01174E	classified	tile_frame_B73B
8	08	01174E	01175B	classified	tile_frame_B74E
8	08	01175B	01176E	classified	tile_frame_B75B
8	08	01176E	011784	classified	tile_frame_B76E
8	08	011784	01179A	classified	tile_frame_B784
8	08	01179A	0117AA	classified	tile_frame_B79A
8	08	0117AA	0117C0	classified	tile_frame_B7AA
8	08	0117C0	0117D6	classified	tile_frame_B7C0
8	08	0117D6	0117E6	classified	tile_frame_B7D6
8	08	0117E6	0117F6	classified	tile_frame_B7E6
8	08	0117F6	011806	classified	tile_frame_B7F6
8	08	011806	01181C	classified	tile_frame_B806
8	08	01181C	01182C	classified	tile_frame_B81C
8	08	01182C	01183C	classified	tile_frame_B82C
8	08	01183C	01184C	classified	tile_frame_B83C
8	08	01184C	01185C	classified	tile_frame_B84C
8	08	01185C	011872	classified	tile_frame_B85C
8	08	011872	011888	classified	tile_frame_B872
8	08	011888	01189E	classified	tile_frame_B888
8	08	01189E	0118B4	classified	tile_frame_B89E
8	08	0118B4	0119A4	unknown	
8	08	0119A4	011A0C	classified	tile_frame_B9A4
8	08	011A0C	011A18	classified	tile_frame_BA0C
8	08	011A18	011A24	classified	tile_frame_BA18
8	08	011A24	011A30	classified	tile_frame_BA24
8	08	011A30	011A38	classified	tile_frame_BA30
8	08	011A38	011A40	classified	tile_frame_BA38
8	08	011A40	011A56	classified	tile_frame_BA40
8	08	011A56	011A68	classified	tile_frame_BA56
8	08	011A68	011A7C	classified	tile_frame_BA68
8	08	011A7C	011A90	classified	tile_frame_BA7C
8	08	011A90	011A9D	classified	tile_frame_BA90
8	08	011A9D	011AB3	classified	tile_frame_BA9D
8	08	011AB3	011AC9	classified	tile_frame_BAB3
8	08	011AC9	011AD8	classified	tile_frame_BAC9
8	08	011AD8	011AF2	classified	tile_frame_BAD8
8	08	011AF2	011B0C	classified	tile_frame_BAF2
8	08	011B0C	011B14	classified	tile_frame_BB0C
8	08	011B14	011BC0	classified	tile_frame_BB14
8	08	011BC0	011C84	classified	tile_frame_BBC0
8	08	011C84	011D60	classified	tile_frame_BC84
8	08	011D60	011DB2	classified	tile_frame_BD60
8	08	011DB2	011E04	classified	tile_frame_BDB2
8	08	011E04	011E56	classified	tile_frame_BE04
8	08	011E56	011EA8	classified	tile_frame_BE56
8	08	011EA8	011EFA	classified	tile_frame_BEA8
8	08	011EFA	011F4C	classified	tile_frame_BEFA
8	08	011F4C	011F9E	classified	tile_frame_BF4C
8	08	011F9E	011FF0	classified	tile_frame_BF9E
8	08	011FF0	012000	unknown	
9	09	012000	0138FF	unknown	
9	09	0138FF	01398F	classified	scroll_presets
9	09	01398F	013C8C	unknown	
9	09	013C8C	013C9E	classified	background_checkpoint_pointers
9	09	013C9E	013CB6	classified	stage_00_checkpoints
9	09	013CB6	013CCE	classified	stage_01_checkpoints
9	09	013CCE	013CE6	classified	stage_02_checkpoints
9	09	013CE6	013CFE	classified	stage_03_checkpoints
9	09	013CFE	013D16	classified	stage_04_checkpoints
9	09	013D16	013D2E	classified	stage_05_checkpoints
9	09	013D2E	013D46	classified	stage_06_checkpoints
9	09	013D46	013D5E	classified	stage_07_checkpoints
9	09	013D5E	013D76	classified	stage_08_checkpoints
9	09	013D76	013D88	classified	metatile_stage_bases
9	09	013D88	014000	unknown	
10	0A	014000	014165	unknown	
10	0A	014165	014177	classified	graphics_stage_pointers
10	0A	014177	014189	classified	graphics_context_pointers
10	0A	014189	01418F	classified	graphics_extra_pointers
10	0A	01418F	0143C0	unknown	
10	0A	0143C0	0143D2	classified	sprite_stage_pointers
10	0A	0143D2	0143FD	unknown	
10	0A	0143FD	01440B	classified	palette_preamble_83FD
10	0A	01440B	014442	classified	graphics_group_840B
10	0A	014442	014446	unknown	
10	0A	014446	014458	classified	palette_preamble_8446
10	0A	014458	014645	classified	graphics_group_8458
10	0A	014645	014649	unknown	
10	0A	014649	01464C	classified	graphics_group_8649
10	0A	01464C	014656	unknown	
10	0A	014656	014659	classified	graphics_group_8656
10	0A	014659	014666	unknown	
10	0A	014666	014669	classified	graphics_group_8666
10	0A	014669	01467F	unknown	
10	0A	01467F	014691	classified	palette_preamble_867F
10	0A	014691	0146FC	classified	graphics_group_8691
10	0A	0146FC	014709	unknown	
10	0A	014709	01470C	classified	graphics_group_8709
10	0A	01470C	014716	unknown	
10	0A	014716	014728	classified	palette_preamble_8716
10	0A	014728	014853	classified	graphics_group_8728
10	0A	014853	0148B4	unknown	
10	0A	0148B4	0148C6	classified	palette_preamble_88B4
10	0A	0148C6	0148C9	classified	graphics_group_88C6
10	0A	0148C9	0148D0	unknown	
10	0A	0148D0	0148E2	classified	palette_preamble_88D0
10	0A	0148E2	014955	classified	graphics_group_88E2
10	0A	014955	01499B	unknown	
10	0A	01499B	0149AD	classified	palette_preamble_899B
10	0A	0149AD	0149B0	classified	graphics_group_89AD
10	0A	0149B0	0149BA	unknown	
10	0A	0149BA	0149CC	classified	palette_preamble_89BA
10	0A	0149CC	014B8B	classified	graphics_group_89CC
10	0A	014B8B	014B92	unknown	
10	0A	014B92	014BA4	classified	palette_preamble_8B92
10	0A	014BA4	014BA7	classified	graphics_group_8BA4
10	0A	014BA7	014BAE	unknown	
10	0A	014BAE	014BC0	classified	palette_preamble_8BAE
10	0A	014BC0	014E1F	classified	graphics_group_8BC0
10	0A	014E1F	014E29	unknown	
10	0A	014E29	014E3B	classified	palette_preamble_8E29
10	0A	014E3B	014E3E	classified	graphics_group_8E3B
10	0A	014E3E	014E45	unknown	
10	0A	014E45	014E48	classified	graphics_group_8E45
10	0A	014E48	014E64	unknown	
10	0A	014E64	014E76	classified	palette_preamble_8E64
10	0A	014E76	01513F	classified	graphics_group_8E76
10	0A	01513F	01514C	unknown	
10	0A	01514C	01514F	classified	graphics_group_914C
10	0A	01514F	015156	unknown	
10	0A	015156	015168	classified	palette_preamble_9156
10	0A	015168	01516B	classified	graphics_group_9168
10	0A	01516B	015172	unknown	
10	0A	015172	015175	classified	graphics_group_9172
10	0A	015175	015182	unknown	
10	0A	015182	015194	classified	palette_preamble_9182
10	0A	015194	0152B1	classified	graphics_group_9194
10	0A	0152B1	0152B8	unknown	
10	0A	0152B8	0152D7	classified	sprite_table_92B8
10	0A	0152D7	015326	classified	sprite_table_92D7
10	0A	015326	01537B	classified	sprite_table_9326
10	0A	01537B	0153B8	classified	sprite_table_937B
10	0A	0153B8	0153E3	classified	sprite_table_93B8
10	0A	0153E3	01540E	classified	sprite_table_93E3
10	0A	01540E	01543F	classified	sprite_table_940E
10	0A	01543F	01547C	classified	sprite_table_943F
10	0A	01547C	01547D	classified	sprite_table_947C
10	0A	01547D	015496	classified	sprite_table_947D
10	0A	015496	016000	unknown	
11	0B	016000	016502	unknown	
11	0B	016502	017142	classified	planar_strip_016502_2bpp_C4
11	0B	017142	017262	classified	planar_strip_017142_2bpp_12
11	0B	017262	0175DA	classified	planar_strip_017262_3bpp_25
11	0B	0175DA	017712	classified	planar_strip_0175DA_3bpp_0D
11	0B	017712	017F12	classified	planar_strip_017712_2bpp_80
11	0B	017F12	018000	classified	planar_strip_017F12_2bpp_80
12	0C	018000	018712	classified	planar_strip_017F12_2bpp_80
12	0C	018712	018792	classified	planar_strip_018712_2bpp_08
12	0C	018792	018852	classified	planar_strip_018792_2bpp_0C
12	0C	018852	018922	classified	planar_strip_018852_2bpp_0D
12	0C	018922	018982	classified	planar_strip_018922_3bpp_04
12	0C	018982	018AA2	classified	planar_strip_018982_3bpp_11
12	0C	018AA2	018B1A	classified	planar_strip_018AA2_2bpp_14,planar_strip_018982_3bpp_11
12	0C	018B1A	018BE2	classified	planar_strip_018AA2_2bpp_14
12	0C	018BE2	018C2A	classified	planar_strip_018BE2_3bpp_03
12	0C	018C2A	018C32	classified	planar_strip_018C2A_1bpp_01
12	0C	018C32	018CC2	classified	planar_strip_018C32_3bpp_06
12	0C	018CC2	018D22	classified	planar_strip_018CC2_3bpp_04
12	0C	018D22	01A000	unknown	
13	0D	01A000	01B0A2	unknown	
13	0D	01B0A2	01B132	classified	planar_strip_01B0A2_3bpp_06
13	0D	01B132	01B3A2	classified	planar_strip_01B132_3bpp_1A
13	0D	01B3A2	01B7AA	classified	planar_strip_01B3A2_3bpp_2B
13	0D	01B7AA	01B9EA	classified	planar_strip_01B7AA_3bpp_18
13	0D	01B9EA	01BC42	classified	planar_strip_01B9EA_3bpp_19
13	0D	01BC42	01BCC2	classified	planar_strip_01BC42_2bpp_08
13	0D	01BCC2	01BD1A	classified	planar_strip_01BCC2_1bpp_0B
13	0D	01BD1A	01C000	unknown	
14	0E	01C000	01C01E	classified	rle_01C000
14	0E	01C01E	01C03C	classified	rle_01C01E
14	0E	01C03C	01C03F	classified	rle_01C03C
14	0E	01C03F	01C042	classified	rle_01C03F
14	0E	01C042	01C045	classified	rle_01C042
14	0E	01C045	01C048	classified	rle_01C045
14	0E	01C048	01C12B	classified	rle_01C048
14	0E	01C12B	01C203	classified	rle_01C12B
14	0E	01C203	01C2DB	classified	rle_01C203
14	0E	01C2DB	01C3B3	classified	rle_01C2DB
14	0E	01C3B3	01C3B6	classified	rle_01C3B3
14	0E	01C3B6	01C3B9	classified	rle_01C3B6
14	0E	01C3B9	01C3DC	classified	rle_01C3B9
14	0E	01C3DC	01C3DF	classified	rle_01C3DC
14	0E	01C3DF	01C440	classified	rle_01C3DF
14	0E	01C440	01C484	classified	rle_01C440
14	0E	01C484	01C4CC	classified	rle_01C484
14	0E	01C4CC	01C4FE	classified	rle_01C4CC
14	0E	01C4FE	01C5AC	classified	rle_01C4FE
14	0E	01C5AC	01C60B	classified	rle_01C5AC
14	0E	01C60B	01CA34	classified	rle_01C60B
14	0E	01CA34	01CE3E	classified	rle_01CA34
14	0E	01CE3E	01CE4A	classified	rle_01CE3E
14	0E	01CE4A	01CE5A	classified	rle_01CE4A
14	0E	01CE5A	01CFFD	classified	rle_01CE5A
14	0E	01CFFD	01D138	classified	rle_01CFFD
14	0E	01D138	01D231	classified	rle_01D138
14	0E	01D231	01D2E5	classified	rle_01D231
14	0E	01D2E5	01D318	classified	rle_01D2E5
14	0E	01D318	01D359	classified	rle_01D318
14	0E	01D359	01D4D2	classified	rle_01D359
14	0E	01D4D2	01D636	classified	rle_01D4D2
14	0E	01D636	01D6EA	classified	rle_01D636
14	0E	01D6EA	01D775	classified	rle_01D6EA
14	0E	01D775	01D8DE	classified	rle_01D775
14	0E	01D8DE	01DA08	classified	rle_01D8DE
14	0E	01DA08	01DBD8	classified	rle_01DA08
14	0E	01DBD8	01DD5F	classified	rle_01DBD8
14	0E	01DD5F	01DD70	classified	rle_01DD5F
14	0E	01DD70	01DD83	classified	rle_01DD70
14	0E	01DD83	01DE3F	classified	rle_01DD83
14	0E	01DE3F	01DECD	classified	rle_01DE3F
14	0E	01DECD	01DEDB	classified	rle_01DECD
14	0E	01DEDB	01DEE2	classified	rle_01DEDB
14	0E	01DEE2	01DEF9	classified	rle_01DEE2
14	0E	01DEF9	01DF0F	classified	rle_01DEF9
14	0E	01DF0F	01DF18	classified	rle_01DF0F
14	0E	01DF18	01DF21	classified	rle_01DF18
14	0E	01DF21	01DF28	classified	rle_01DF21
14	0E	01DF28	01DF2D	classified	rle_01DF28
14	0E	01DF2D	01DF39	classified	rle_01DF2D
14	0E	01DF39	01DF4A	classified	rle_01DF39
14	0E	01DF4A	01DF54	classified	rle_01DF4A
14	0E	01DF54	01DF59	classified	rle_01DF54
14	0E	01DF59	01DF63	classified	rle_01DF59
14	0E	01DF63	01DF6D	classified	rle_01DF63
14	0E	01DF6D	01DF7F	classified	rle_01DF6D
14	0E	01DF7F	01DF90	classified	rle_01DF7F
14	0E	01DF90	01DF9F	classified	rle_01DF90
14	0E	01DF9F	01DFAB	classified	rle_01DF9F
14	0E	01DFAB	01DFB4	classified	rle_01DFAB
14	0E	01DFB4	01DFB7	classified	rle_01DFB4
14	0E	01DFB7	01E000	classified	rle_01DFB7
15	0F	01E000	01E158	classified	rle_01DFB7
15	0F	01E158	01E2BE	classified	rle_01E158
15	0F	01E2BE	01E2DD	classified	rle_01E2BE
15	0F	01E2DD	01E2F5	classified	rle_01E2DD
15	0F	01E2F5	01E337	classified	rle_01E2F5
15	0F	01E337	01E376	classified	rle_01E337
15	0F	01E376	01E405	classified	rle_01E376
15	0F	01E405	01E495	classified	rle_01E405
15	0F	01E495	01E4A2	classified	rle_01E495
15	0F	01E4A2	01E4A7	classified	rle_01E4A2
15	0F	01E4A7	01E4B3	classified	rle_01E4A7
15	0F	01E4B3	01E4BE	classified	rle_01E4B3
15	0F	01E4BE	01E58D	classified	rle_01E4BE
15	0F	01E58D	01E678	classified	rle_01E58D
15	0F	01E678	01E6FA	classified	rle_01E678
15	0F	01E6FA	01E77C	classified	rle_01E6FA
15	0F	01E77C	01E80D	classified	rle_01E77C
15	0F	01E80D	01E88A	classified	rle_01E80D
15	0F	01E88A	01E8E3	classified	rle_01E88A
15	0F	01E8E3	01E918	classified	rle_01E8E3
15	0F	01E918	01E94C	classified	rle_01E918
15	0F	01E94C	01E964	classified	rle_01E94C
15	0F	01E964	01EB29	classified	rle_01E964
15	0F	01EB29	01EBF9	classified	rle_01EB29
15	0F	01EBF9	01EC29	classified	rle_01EBF9
15	0F	01EC29	01EC40	classified	rle_01EC29
15	0F	01EC40	01EE2A	classified	rle_01EC40
15	0F	01EE2A	01EF20	classified	rle_01EE2A
15	0F	01EF20	01F1E8	classified	rle_01EF20
15	0F	01F1E8	01F40D	classified	rle_01F1E8
15	0F	01F40D	01F445	classified	rle_01F40D
15	0F	01F445	01F47C	classified	rle_01F445
15	0F	01F47C	01F4CE	classified	rle_01F47C
15	0F	01F4CE	01F51C	classified	rle_01F4CE
15	0F	01F51C	01F52E	classified	rle_01F51C
15	0F	01F52E	01F548	classified	rle_01F52E
15	0F	01F548	01F5AC	classified	rle_01F548
15	0F	01F5AC	01F613	classified	rle_01F5AC
15	0F	01F613	01F634	classified	rle_01F613
15	0F	01F634	01F647	classified	rle_01F634
15	0F	01F647	01F82C	classified	rle_01F647
15	0F	01F82C	01F976	classified	rle_01F82C
15	0F	01F976	01F9C8	classified	rle_01F976
15	0F	01F9C8	01FA05	classified	rle_01F9C8
15	0F	01FA05	01FCA3	classified	rle_01FA05
15	0F	01FCA3	01FEE0	classified	rle_01FCA3
15	0F	01FEE0	01FEF7	classified	rle_01FEE0
15	0F	01FEF7	01FF0C	classified	rle_01FEF7
15	0F	01FF0C	01FF36	classified	rle_01FF0C
15	0F	01FF36	01FF5B	classified	rle_01FF36
15	0F	01FF5B	01FFA6	classified	rle_01FF5B
15	0F	01FFA6	01FFF7	classified	rle_01FFA6
15	0F	01FFF7	020000	classified	rle_01FFF7
16	10	020000	020010	classified	rle_01FFF7
16	10	020010	020041	classified	rle_020010
16	10	020041	020046	classified	rle_020041
16	10	020046	020049	classified	rle_020046
16	10	020049	020089	classified	rle_020049
16	10	020089	0200D3	classified	rle_020089
16	10	0200D3	0200E0	classified	rle_0200D3
16	10	0200E0	0200F1	classified	rle_0200E0
16	10	0200F1	0200F8	classified	rle_0200F1
16	10	0200F8	0200FF	classified	rle_0200F8
16	10	0200FF	020104	classified	rle_0200FF
16	10	020104	02010B	classified	rle_020104
16	10	02010B	020112	classified	rle_02010B
16	10	020112	020119	classified	rle_020112
16	10	020119	020120	classified	rle_020119
16	10	020120	020127	classified	rle_020120
16	10	020127	020152	classified	rle_020127
16	10	020152	020184	classified	rle_020152
16	10	020184	0201A6	classified	rle_020184
16	10	0201A6	0201C8	classified	rle_0201A6
16	10	0201C8	0202A0	classified	rle_0201C8
16	10	0202A0	020324	classified	rle_0202A0
16	10	020324	020591	classified	rle_020324
16	10	020591	020782	classified	rle_020591
16	10	020782	020800	classified	rle_020782
16	10	020800	020846	classified	rle_020800
16	10	020846	020860	classified	rle_020846
16	10	020860	020876	classified	rle_020860
16	10	020876	020880	classified	rle_020876
16	10	020880	02088A	classified	rle_020880
16	10	02088A	020894	classified	rle_02088A
16	10	020894	02089E	classified	rle_020894
16	10	02089E	0208A8	classified	rle_02089E
16	10	0208A8	0208B2	classified	rle_0208A8
16	10	0208B2	0208D4	classified	rle_0208B2
16	10	0208D4	0208F6	classified	rle_0208D4
16	10	0208F6	0208FF	classified	rle_0208F6
16	10	0208FF	020909	classified	rle_0208FF
16	10	020909	020913	classified	rle_020909
16	10	020913	02091D	classified	rle_020913
16	10	02091D	02094C	classified	rle_02091D
16	10	02094C	02097A	classified	rle_02094C
16	10	02097A	020984	classified	rle_02097A
16	10	020984	02098E	classified	rle_020984
16	10	02098E	02099D	classified	rle_02098E
16	10	02099D	0209AD	classified	rle_02099D
16	10	0209AD	0209C7	classified	rle_0209AD
16	10	0209C7	0209DD	classified	rle_0209C7
16	10	0209DD	0209E7	classified	rle_0209DD
16	10	0209E7	0209EF	classified	rle_0209E7
16	10	0209EF	020A27	classified	rle_0209EF
16	10	020A27	020A5F	classified	rle_020A27
16	10	020A5F	020A79	classified	rle_020A5F
16	10	020A79	020A93	classified	rle_020A79
16	10	020A93	020A9D	classified	rle_020A93
16	10	020A9D	020AA7	classified	rle_020A9D
16	10	020AA7	020ADB	classified	rle_020AA7
16	10	020ADB	020B09	classified	rle_020ADB
16	10	020B09	020B13	classified	rle_020B09
16	10	020B13	020B1D	classified	rle_020B13
16	10	020B1D	020B29	classified	rle_020B1D
16	10	020B29	020B35	classified	rle_020B29
16	10	020B35	020B95	classified	rle_020B35
16	10	020B95	020BF3	classified	rle_020B95
16	10	020BF3	020C96	classified	rle_020BF3
16	10	020C96	020D3A	classified	rle_020C96
16	10	020D3A	020D80	classified	rle_020D3A
16	10	020D80	020DC5	classified	rle_020D80
16	10	020DC5	020DE7	classified	rle_020DC5
16	10	020DE7	020E08	classified	rle_020DE7
16	10	020E08	020E36	classified	rle_020E08
16	10	020E36	020E59	classified	rle_020E36
16	10	020E59	020EEE	classified	rle_020E59
16	10	020EEE	020F51	classified	rle_020EEE
16	10	020F51	020FAF	classified	rle_020F51
16	10	020FAF	020FF8	classified	rle_020FAF
16	10	020FF8	021015	classified	rle_020FF8
16	10	021015	021027	classified	rle_021015
16	10	021027	02107D	classified	rle_021027
16	10	02107D	0210DE	classified	rle_02107D
16	10	0210DE	02115A	classified	rle_0210DE
16	10	02115A	0211C2	classified	rle_02115A
16	10	0211C2	02121C	classified	rle_0211C2
16	10	02121C	02126B	classified	rle_02121C
16	10	02126B	021307	classified	rle_02126B
16	10	021307	02134E	classified	rle_021307
16	10	02134E	021395	classified	rle_02134E
16	10	021395	0213D8	classified	rle_021395
16	10	0213D8	0213F7	classified	rle_0213D8
16	10	0213F7	021416	classified	rle_0213F7
16	10	021416	021477	classified	rle_021416
16	10	021477	0214CC	classified	rle_021477
16	10	0214CC	0214FA	classified	rle_0214CC
16	10	0214FA	021528	classified	rle_0214FA
16	10	021528	02153A	classified	rle_021528
16	10	02153A	02154C	classified	rle_02153A
16	10	02154C	02158B	classified	rle_02154C
16	10	02158B	0215B9	classified	rle_02158B
16	10	0215B9	0215F3	classified	rle_0215B9
16	10	0215F3	021627	classified	rle_0215F3
16	10	021627	021661	classified	rle_021627
16	10	021661	021690	classified	rle_021661
16	10	021690	0216BD	classified	rle_021690
16	10	0216BD	0216CA	classified	rle_0216BD
16	10	0216CA	0216F8	classified	rle_0216CA
16	10	0216F8	021716	classified	rle_0216F8
16	10	021716	02186A	classified	rle_021716
16	10	02186A	021968	classified	rle_02186A
16	10	021968	0219BB	classified	rle_021968
16	10	0219BB	0219E7	classified	rle_0219BB
16	10	0219E7	021A29	classified	rle_0219E7
16	10	021A29	021A5C	classified	rle_021A29
16	10	021A5C	021AE4	classified	rle_021A5C
16	10	021AE4	021B5D	classified	rle_021AE4
16	10	021B5D	021C75	classified	rle_021B5D
16	10	021C75	021D12	classified	rle_021C75
16	10	021D12	021D2E	classified	rle_021D12
16	10	021D2E	021D67	classified	rle_021D2E
16	10	021D67	021E47	classified	rle_021D67
16	10	021E47	021ECC	classified	rle_021E47
16	10	021ECC	021F1A	classified	rle_021ECC
16	10	021F1A	021F3F	classified	rle_021F1A
16	10	021F3F	021F5C	classified	rle_021F3F
16	10	021F5C	021F6D	classified	rle_021F5C
16	10	021F6D	022000	classified	rle_021F6D
17	11	022000	02211C	classified	rle_021F6D
17	11	02211C	02228C	classified	rle_02211C
17	11	02228C	0222EF	classified	rle_02228C
17	11	0222EF	022354	classified	rle_0222EF
17	11	022354	02237B	classified	rle_022354
17	11	02237B	0223A4	classified	rle_02237B
17	11	0223A4	0223B6	classified	rle_0223A4
17	11	0223B6	0223C8	classified	rle_0223B6
17	11	0223C8	022412	classified	rle_0223C8
17	11	022412	022447	classified	rle_022412
17	11	022447	022453	classified	rle_022447
17	11	022453	022463	classified	rle_022453
17	11	022463	0226C1	classified	rle_022463
17	11	0226C1	0228F7	classified	rle_0226C1
17	11	0228F7	02298C	classified	rle_0228F7
17	11	02298C	022A1A	classified	rle_02298C
17	11	022A1A	022A26	classified	rle_022A1A
17	11	022A26	022A34	classified	rle_022A26
17	11	022A34	022A56	classified	rle_022A34
17	11	022A56	022A77	classified	rle_022A56
17	11	022A77	022AED	classified	rle_022A77
17	11	022AED	022B38	classified	rle_022AED
17	11	022B38	022BAF	classified	rle_022B38
17	11	022BAF	022C48	classified	rle_022BAF
17	11	022C48	022C4D	classified	rle_022C48
17	11	022C4D	022C53	classified	rle_022C4D
17	11	022C53	022CAB	classified	rle_022C53
17	11	022CAB	022D15	classified	rle_022CAB
17	11	022D15	022D39	classified	rle_022D15
17	11	022D39	022D6D	classified	rle_022D39
17	11	022D6D	022EF0	classified	rle_022D6D
17	11	022EF0	02303F	classified	rle_022EF0
17	11	02303F	02308C	classified	rle_02303F
17	11	02308C	0230D0	classified	rle_02308C
17	11	0230D0	0230E1	classified	rle_0230D0
17	11	0230E1	0230F1	classified	rle_0230E1
17	11	0230F1	023295	classified	rle_0230F1
17	11	023295	0233C4	classified	rle_023295
17	11	0233C4	0236D4	classified	rle_0233C4
17	11	0236D4	02394E	classified	rle_0236D4
17	11	02394E	023986	classified	rle_02394E
17	11	023986	023989	classified	rle_023986
17	11	023989	0239A3	classified	rle_023989
17	11	0239A3	0239B6	classified	rle_0239A3
17	11	0239B6	0239E8	classified	rle_0239B6
17	11	0239E8	023A12	classified	rle_0239E8
17	11	023A12	023A28	classified	rle_023A12
17	11	023A28	023A32	classified	rle_023A28
17	11	023A32	023A47	classified	rle_023A32
17	11	023A47	023A52	classified	rle_023A47
17	11	023A52	023A55	classified	rle_023A52
17	11	023A55	023A58	classified	rle_023A55
17	11	023A58	023AA5	classified	rle_023A58
17	11	023AA5	023AF4	classified	rle_023AA5
17	11	023AF4	023B1A	classified	rle_023AF4
17	11	023B1A	023B5D	classified	rle_023B1A
17	11	023B5D	023B69	classified	rle_023B5D
17	11	023B69	023B83	classified	rle_023B69
17	11	023B83	023BB7	classified	rle_023B83
17	11	023BB7	023BE8	classified	rle_023BB7
17	11	023BE8	023BF3	classified	rle_023BE8
17	11	023BF3	023C02	classified	rle_023BF3
17	11	023C02	023C3A	classified	rle_023C02
17	11	023C3A	023C79	classified	rle_023C3A
17	11	023C79	023CAF	classified	rle_023C79
17	11	023CAF	023CEB	classified	rle_023CAF
17	11	023CEB	023D1C	classified	rle_023CEB
17	11	023D1C	023D4B	classified	rle_023D1C
17	11	023D4B	023D55	classified	rle_023D4B
17	11	023D55	023D5E	classified	rle_023D55
17	11	023D5E	024000	unknown	
18	12	024000	024082	classified	rle_024000
18	12	024082	0240F0	classified	rle_024082
18	12	0240F0	024226	classified	rle_0240F0
18	12	024226	024396	classified	rle_024226
18	12	024396	0245AC	classified	rle_024396
18	12	0245AC	024758	classified	rle_0245AC
18	12	024758	024875	classified	rle_024758
18	12	024875	024997	classified	rle_024875
18	12	024997	0249D6	classified	rle_024997
18	12	0249D6	024A15	classified	rle_0249D6
18	12	024A15	024AAA	classified	rle_024A15
18	12	024AAA	024BCA	classified	rle_024AAA
18	12	024BCA	024BE1	classified	rle_024BCA
18	12	024BE1	024C23	classified	rle_024BE1
18	12	024C23	024C64	classified	rle_024C23
18	12	024C64	024D13	classified	rle_024C64
18	12	024D13	024D4F	classified	rle_024D13
18	12	024D4F	024D91	classified	rle_024D4F
18	12	024D91	024DD3	classified	rle_024D91
18	12	024DD3	024E15	classified	rle_024DD3
18	12	024E15	024E56	classified	rle_024E15
18	12	024E56	024E98	classified	rle_024E56
18	12	024E98	024FDB	classified	rle_024E98
18	12	024FDB	024FE6	classified	rle_024FDB
18	12	024FE6	02501F	classified	rle_024FE6
18	12	02501F	025030	classified	rle_02501F
18	12	025030	02504B	classified	rle_025030
18	12	02504B	025131	classified	rle_02504B
18	12	025131	025173	classified	rle_025131
18	12	025173	025186	classified	rle_025173
18	12	025186	025207	classified	rle_025186
18	12	025207	0252E6	classified	rle_025207
18	12	0252E6	0253AC	classified	rle_0252E6
18	12	0253AC	0253EE	classified	rle_0253AC
18	12	0253EE	025470	classified	rle_0253EE
18	12	025470	025571	classified	rle_025470
18	12	025571	0255E9	classified	rle_025571
18	12	0255E9	025632	classified	rle_0255E9
18	12	025632	025674	classified	rle_025632
18	12	025674	025774	classified	rle_025674
18	12	025774	0257F7	classified	rle_025774
18	12	0257F7	025875	classified	rle_0257F7
18	12	025875	0258B7	classified	rle_025875
18	12	0258B7	0258D9	classified	rle_0258B7
18	12	0258D9	02591A	classified	rle_0258D9
18	12	02591A	02599D	classified	rle_02591A
18	12	02599D	025A3D	classified	rle_02599D
18	12	025A3D	025AC0	classified	rle_025A3D
18	12	025AC0	025B42	classified	rle_025AC0
18	12	025B42	025B6F	classified	rle_025B42
18	12	025B6F	025DF0	classified	rle_025B6F
18	12	025DF0	025EF4	classified	rle_025DF0
18	12	025EF4	025F34	classified	rle_025EF4
18	12	025F34	025F76	classified	rle_025F34
18	12	025F76	025FB5	classified	rle_025F76
18	12	025FB5	025FF7	unknown	
18	12	025FF7	026000	classified	rle_025FF7
19	13	026000	026039	classified	rle_025FF7
19	13	026039	0260BC	classified	rle_026039
19	13	0260BC	02613F	classified	rle_0260BC
19	13	02613F	026161	classified	rle_02613F
19	13	026161	026491	classified	rle_026161
19	13	026491	0264F3	unknown	
19	13	0264F3	026535	classified	rle_0264F3
19	13	026535	02692E	classified	rle_026535
19	13	02692E	02696F	classified	rle_02692E
19	13	02696F	0269AE	unknown	
19	13	0269AE	0269F0	classified	rle_0269AE
19	13	0269F0	026A7F	classified	rle_0269F0
19	13	026A7F	026AC1	classified	rle_026A7F
19	13	026AC1	026B03	classified	rle_026AC1
19	13	026B03	026B18	unknown	
19	13	026B18	026BB1	classified	rle_026B18
19	13	026BB1	026C9D	classified	rle_026BB1
19	13	026C9D	026DEC	classified	rle_026C9D
19	13	026DEC	026E61	classified	rle_026DEC
19	13	026E61	026EE4	unknown	
19	13	026EE4	026F3D	classified	rle_026EE4
19	13	026F3D	026F76	classified	rle_026F3D
19	13	026F76	026FF6	classified	rle_026F76
19	13	026FF6	027070	classified	rle_026FF6
19	13	027070	0270C9	classified	rle_027070
19	13	0270C9	027102	classified	rle_0270C9
19	13	027102	02711F	classified	rle_027102
19	13	02711F	027136	classified	rle_02711F
19	13	027136	027177	classified	rle_027136
19	13	027177	0271B2	classified	rle_027177
19	13	0271B2	02745C	classified	rle_0271B2
19	13	02745C	0276AD	classified	rle_02745C
19	13	0276AD	0276E7	classified	rle_0276AD
19	13	0276E7	02771A	classified	rle_0276E7
19	13	02771A	02774F	classified	rle_02771A
19	13	02774F	027783	classified	rle_02774F
19	13	027783	0277AF	classified	rle_027783
19	13	0277AF	0277D2	classified	rle_0277AF
19	13	0277D2	02780C	classified	rle_0277D2
19	13	02780C	027846	classified	rle_02780C
19	13	027846	02786E	classified	rle_027846
19	13	02786E	027885	classified	rle_02786E
19	13	027885	0278C2	classified	rle_027885
19	13	0278C2	02791E	classified	rle_0278C2
19	13	02791E	027925	classified	rle_02791E
19	13	027925	027928	classified	rle_027925
19	13	027928	027933	classified	rle_027928
19	13	027933	02793A	classified	rle_027933
19	13	02793A	027955	classified	rle_02793A
19	13	027955	02796A	classified	rle_027955
19	13	02796A	0279A4	classified	rle_02796A
19	13	0279A4	0279CD	classified	rle_0279A4
19	13	0279CD	027A03	classified	rle_0279CD
19	13	027A03	027A2E	classified	rle_027A03
19	13	027A2E	027A68	classified	rle_027A2E
19	13	027A68	027AC1	classified	rle_027A68
19	13	027AC1	027AD2	classified	rle_027AC1
19	13	027AD2	027ADD	classified	rle_027AD2
19	13	027ADD	027AF6	classified	rle_027ADD
19	13	027AF6	027B10	classified	rle_027AF6
19	13	027B10	027C30	classified	rle_027B10
19	13	027C30	027CFE	classified	rle_027C30
19	13	027CFE	027D5D	classified	rle_027CFE
19	13	027D5D	027DAE	classified	rle_027D5D
19	13	027DAE	027DDD	classified	rle_027DAE
19	13	027DDD	027DFA	classified	rle_027DDD
19	13	027DFA	027E2F	classified	rle_027DFA
19	13	027E2F	027E4E	classified	rle_027E2F
19	13	027E4E	027E71	classified	rle_027E4E
19	13	027E71	027E7E	classified	rle_027E71
19	13	027E7E	028000	classified	rle_027E7E
20	14	028000	0280E3	classified	rle_027E7E
20	14	0280E3	0281F2	classified	rle_0280E3
20	14	0281F2	0282C9	classified	rle_0281F2
20	14	0282C9	02833B	classified	rle_0282C9
20	14	02833B	0285A5	classified	rle_02833B
20	14	0285A5	028733	classified	rle_0285A5
20	14	028733	028966	classified	rle_028733
20	14	028966	028B3F	classified	rle_028966
20	14	028B3F	028BCF	classified	rle_028B3F
20	14	028BCF	028C2D	classified	rle_028BCF
20	14	028C2D	028C5C	classified	rle_028C2D
20	14	028C5C	028CA2	classified	rle_028C5C
20	14	028CA2	028D4E	classified	rle_028CA2
20	14	028D4E	028E02	classified	rle_028D4E
20	14	028E02	028EF9	classified	rle_028E02
20	14	028EF9	028FF8	classified	rle_028EF9
20	14	028FF8	029025	classified	rle_028FF8
20	14	029025	029043	classified	rle_029025
20	14	029043	029089	classified	rle_029043
20	14	029089	0290AE	classified	rle_029089
20	14	0290AE	0291C1	classified	rle_0290AE
20	14	0291C1	02927B	classified	rle_0291C1
20	14	02927B	0293FD	classified	rle_02927B
20	14	0293FD	029540	classified	rle_0293FD
20	14	029540	029552	classified	rle_029540
20	14	029552	02955F	classified	rle_029552
20	14	02955F	0295E9	classified	rle_02955F
20	14	0295E9	029635	classified	rle_0295E9
20	14	029635	0296E6	classified	rle_029635
20	14	0296E6	029736	classified	rle_0296E6
20	14	029736	0299F7	classified	rle_029736
20	14	0299F7	029C5A	classified	rle_0299F7
20	14	029C5A	029C6C	classified	rle_029C5A
20	14	029C6C	029C77	classified	rle_029C6C
20	14	029C77	029CA1	classified	rle_029C77
20	14	029CA1	029CCB	classified	rle_029CA1
20	14	029CCB	029CDD	classified	rle_029CCB
20	14	029CDD	029CED	classified	rle_029CDD
20	14	029CED	029D71	classified	rle_029CED
20	14	029D71	029D9B	classified	rle_029D71
20	14	029D9B	029F72	classified	rle_029D9B
20	14	029F72	02A000	classified	rle_029F72
21	15	02A000	02A059	classified	rle_029F72
21	15	02A059	02A0A5	classified	rle_02A059
21	15	02A0A5	02A0C4	classified	rle_02A0A5
21	15	02A0C4	02A0DE	classified	rle_02A0C4
21	15	02A0DE	02A0F5	classified	rle_02A0DE
21	15	02A0F5	02A107	classified	rle_02A0F5
21	15	02A107	02A119	classified	rle_02A107
21	15	02A119	02A133	classified	rle_02A119
21	15	02A133	02A14B	classified	rle_02A133
21	15	02A14B	02A189	classified	rle_02A14B
21	15	02A189	02A1CA	classified	rle_02A189
21	15	02A1CA	02A1D9	classified	rle_02A1CA
21	15	02A1D9	02A1EB	classified	rle_02A1D9
21	15	02A1EB	02A545	classified	rle_02A1EB
21	15	02A545	02A885	classified	rle_02A545
21	15	02A885	02A897	classified	rle_02A885
21	15	02A897	02A8A6	classified	rle_02A897
21	15	02A8A6	02A8B8	classified	rle_02A8A6
21	15	02A8B8	02A8C7	classified	rle_02A8B8
21	15	02A8C7	02A8D8	classified	rle_02A8C7
21	15	02A8D8	02A8EA	classified	rle_02A8D8
21	15	02A8EA	02A936	classified	rle_02A8EA
21	15	02A936	02A980	classified	rle_02A936
21	15	02A980	02A998	classified	rle_02A980
21	15	02A998	02A9B0	classified	rle_02A998
21	15	02A9B0	02A9C7	classified	rle_02A9B0
21	15	02A9C7	02A9DF	classified	rle_02A9C7
21	15	02A9DF	02AA6A	classified	rle_02A9DF
21	15	02AA6A	02AAF9	classified	rle_02AA6A
21	15	02AAF9	02AB98	classified	rle_02AAF9
21	15	02AB98	02AC45	classified	rle_02AB98
21	15	02AC45	02AC6F	classified	rle_02AC45
21	15	02AC6F	02AC94	classified	rle_02AC6F
21	15	02AC94	02ACF9	classified	rle_02AC94
21	15	02ACF9	02AD6A	classified	rle_02ACF9
21	15	02AD6A	02ADA1	classified	rle_02AD6A
21	15	02ADA1	02ADD9	classified	rle_02ADA1
21	15	02ADD9	02ADF8	classified	rle_02ADD9
21	15	02ADF8	02AE19	classified	rle_02ADF8
21	15	02AE19	02AE3E	classified	rle_02AE19
21	15	02AE3E	02AE68	classified	rle_02AE3E
21	15	02AE68	02BE04	unknown	
21	15	02BE04	02C000	classified	planar_strip_02BE04_3bpp_3A
22	16	02C000	02C374	classified	planar_strip_02BE04_3bpp_3A
22	16	02C374	02C5CC	classified	planar_strip_02C374_3bpp_19
22	16	02C5CC	02C764	classified	planar_strip_02C5CC_3bpp_11
22	16	02C764	02C8E4	classified	planar_strip_02C764_3bpp_10
22	16	02C8E4	02C9C4	classified	planar_strip_02C8E4_2bpp_0E
22	16	02C9C4	02CA6C	classified	planar_strip_02C9C4_3bpp_07
22	16	02CA6C	02CA94	classified	planar_strip_02CA6C_1bpp_05
22	16	02CA94	02CB14	classified	planar_strip_02CA94_2bpp_08
22	16	02CB14	02CBD4	classified	planar_strip_02CB14_2bpp_0C
22	16	02CBD4	02CFF4	classified	planar_strip_02CBD4_3bpp_2C
22	16	02CFF4	02D03C	classified	planar_strip_02CFF4_1bpp_09
22	16	02D03C	02D06C	classified	planar_strip_02D03C_2bpp_03
22	16	02D06C	02D08C	classified	planar_strip_02D06C_2bpp_02
22	16	02D08C	02D0CC	classified	planar_strip_02D08C_2bpp_04
22	16	02D0CC	02D25C	classified	planar_strip_02D0CC_2bpp_19
22	16	02D25C	02D304	classified	planar_strip_02D25C_3bpp_07
22	16	02D304	02D64C	classified	planar_strip_02D304_3bpp_23
22	16	02D64C	02D7CC	classified	planar_strip_02D64C_3bpp_10
22	16	02D7CC	02D88C	classified	planar_strip_02D7CC_3bpp_08
22	16	02D88C	02DBEC	classified	planar_strip_02D88C_3bpp_24
22	16	02DBEC	02DD3C	classified	planar_strip_02DBEC_3bpp_0E
22	16	02DD3C	02E000	unknown	
23	17	02E000	02FFEE	classified	audio_sequence_02E000
23	17	02FFEE	030000	unknown	
24	18	030000	031FE9	classified	audio_sequence_030000
24	18	031FE9	032000	unknown	
25	19	032000	032010	classified	stage0_metatiles,metatile_032000
25	19	032010	032020	classified	stage0_metatiles,metatile_032010
25	19	032020	032030	classified	stage0_metatiles,metatile_032020
25	19	032030	032040	classified	stage0_metatiles,metatile_032030
25	19	032040	032050	classified	stage0_metatiles
25	19	032050	032060	classified	stage0_metatiles,metatile_032050
25	19	032060	032070	classified	stage0_metatiles,metatile_032060
25	19	032070	032080	classified	stage0_metatiles
25	19	032080	032090	classified	stage0_metatiles,metatile_032080
25	19	032090	0320A0	classified	stage0_metatiles,metatile_032090
25	19	0320A0	0320B0	classified	stage0_metatiles,metatile_0320A0
25	19	0320B0	0320C0	classified	stage0_metatiles,metatile_0320B0
25	19	0320C0	0320D0	classified	stage0_metatiles,metatile_0320C0
25	19	0320D0	0320E0	classified	stage0_metatiles,metatile_0320D0
25	19	0320E0	0320F0	classified	stage0_metatiles,metatile_0320E0
25	19	0320F0	032100	classified	stage0_metatiles,metatile_0320F0
25	19	032100	032110	classified	stage0_metatiles,metatile_032100
25	19	032110	032120	classified	stage0_metatiles,metatile_032110
25	19	032120	032130	classified	stage0_metatiles,metatile_032120
25	19	032130	032140	classified	stage0_metatiles,metatile_032130
25	19	032140	032150	classified	stage0_metatiles,metatile_032140
25	19	032150	032160	classified	stage0_metatiles,metatile_032150
25	19	032160	032170	classified	stage0_metatiles,metatile_032160
25	19	032170	032180	classified	stage0_metatiles,metatile_032170
25	19	032180	032190	classified	stage0_metatiles,metatile_032180
25	19	032190	0321A0	classified	stage0_metatiles,metatile_032190
25	19	0321A0	0321B0	classified	stage0_metatiles,metatile_0321A0
25	19	0321B0	0321C0	classified	stage0_metatiles,metatile_0321B0
25	19	0321C0	0321D0	classified	stage0_metatiles,metatile_0321C0
25	19	0321D0	0321E0	classified	stage0_metatiles,metatile_0321D0
25	19	0321E0	0321F0	classified	stage0_metatiles,metatile_0321E0
25	19	0321F0	032200	classified	stage0_metatiles,metatile_0321F0
25	19	032200	032210	classified	stage0_metatiles,metatile_032200
25	19	032210	032220	classified	stage0_metatiles,metatile_032210
25	19	032220	032230	classified	stage0_metatiles,metatile_032220
25	19	032230	032240	classified	stage0_metatiles,metatile_032230
25	19	032240	032250	classified	stage0_metatiles,metatile_032240
25	19	032250	032260	classified	stage0_metatiles,metatile_032250
25	19	032260	032270	classified	stage0_metatiles,metatile_032260
25	19	032270	032280	classified	stage0_metatiles,metatile_032270
25	19	032280	032290	classified	stage0_metatiles,metatile_032280
25	19	032290	0322A0	classified	stage0_metatiles,metatile_032290
25	19	0322A0	0322B0	classified	stage0_metatiles,metatile_0322A0
25	19	0322B0	0322C0	classified	stage0_metatiles,metatile_0322B0
25	19	0322C0	0322D0	classified	stage0_metatiles,metatile_0322C0
25	19	0322D0	0322E0	classified	stage0_metatiles,metatile_0322D0
25	19	0322E0	0322F0	classified	stage0_metatiles,metatile_0322E0
25	19	0322F0	032300	classified	stage0_metatiles,metatile_0322F0
25	19	032300	032310	classified	stage0_metatiles,metatile_032300
25	19	032310	032320	classified	stage0_metatiles,metatile_032310
25	19	032320	032330	classified	stage0_metatiles,metatile_032320
25	19	032330	032340	classified	stage0_metatiles,metatile_032330
25	19	032340	032350	classified	stage0_metatiles,metatile_032340
25	19	032350	032360	classified	stage0_metatiles,metatile_032350
25	19	032360	032370	classified	stage0_metatiles,metatile_032360
25	19	032370	032380	classified	stage0_metatiles,metatile_032370
25	19	032380	032390	classified	stage0_metatiles,metatile_032380
25	19	032390	0323A0	classified	stage0_metatiles,metatile_032390
25	19	0323A0	0323B0	classified	stage0_metatiles,metatile_0323A0
25	19	0323B0	0323C0	classified	stage0_metatiles,metatile_0323B0
25	19	0323C0	0323D0	classified	stage0_metatiles,metatile_0323C0
25	19	0323D0	0323E0	classified	stage0_metatiles,metatile_0323D0
25	19	0323E0	0323F0	classified	stage0_metatiles,metatile_0323E0
25	19	0323F0	032400	classified	stage0_metatiles,metatile_0323F0
25	19	032400	032410	classified	stage0_metatiles,metatile_032400
25	19	032410	032420	classified	stage0_metatiles,metatile_032410
25	19	032420	032430	classified	stage0_metatiles,metatile_032420
25	19	032430	032440	classified	stage0_metatiles,metatile_032430
25	19	032440	032450	classified	stage0_metatiles,metatile_032440
25	19	032450	032460	classified	stage0_metatiles,metatile_032450
25	19	032460	032470	classified	stage0_metatiles,metatile_032460
25	19	032470	032480	classified	stage0_metatiles,metatile_032470
25	19	032480	032490	classified	stage0_metatiles,metatile_032480
25	19	032490	0324A0	classified	stage0_metatiles,metatile_032490
25	19	0324A0	0324B0	classified	stage0_metatiles,metatile_0324A0
25	19	0324B0	0324C0	classified	stage0_metatiles,metatile_0324B0
25	19	0324C0	0324D0	classified	stage0_metatiles,metatile_0324C0
25	19	0324D0	0324E0	classified	stage0_metatiles,metatile_0324D0
25	19	0324E0	0324F0	classified	stage0_metatiles,metatile_0324E0
25	19	0324F0	032500	classified	stage0_metatiles,metatile_0324F0
25	19	032500	032510	classified	stage0_metatiles,metatile_032500
25	19	032510	032520	classified	stage0_metatiles,metatile_032510
25	19	032520	032530	classified	stage0_metatiles,metatile_032520
25	19	032530	032540	classified	stage0_metatiles,metatile_032530
25	19	032540	032550	classified	stage0_metatiles,metatile_032540
25	19	032550	032560	classified	stage0_metatiles,metatile_032550
25	19	032560	032570	classified	stage0_metatiles,metatile_032560
25	19	032570	032580	classified	stage0_metatiles,metatile_032570
25	19	032580	032590	classified	stage0_metatiles,metatile_032580
25	19	032590	0325A0	classified	stage0_metatiles,metatile_032590
25	19	0325A0	0325B0	classified	stage0_metatiles,metatile_0325A0
25	19	0325B0	0325C0	classified	stage0_metatiles,metatile_0325B0
25	19	0325C0	0325D0	classified	stage0_metatiles,metatile_0325C0
25	19	0325D0	0325E0	classified	stage0_metatiles,metatile_0325D0
25	19	0325E0	0325F0	classified	stage0_metatiles,metatile_0325E0
25	19	0325F0	032600	classified	stage0_metatiles,metatile_0325F0
25	19	032600	032610	classified	stage0_metatiles,metatile_032600
25	19	032610	032620	classified	stage0_metatiles,metatile_032610
25	19	032620	032630	classified	stage0_metatiles,metatile_032620
25	19	032630	032640	classified	stage0_metatiles,metatile_032630
25	19	032640	032650	classified	stage0_metatiles,metatile_032640
25	19	032650	032660	classified	stage0_metatiles,metatile_032650
25	19	032660	032670	classified	stage0_metatiles,metatile_032660
25	19	032670	032680	classified	stage0_metatiles,metatile_032670
25	19	032680	032690	classified	stage0_metatiles,metatile_032680
25	19	032690	0326A0	classified	stage0_metatiles,metatile_032690
25	19	0326A0	0326B0	classified	stage0_metatiles,metatile_0326A0
25	19	0326B0	0326C0	classified	stage0_metatiles,metatile_0326B0
25	19	0326C0	0326D0	classified	stage0_metatiles,metatile_0326C0
25	19	0326D0	0326E0	classified	stage0_metatiles,metatile_0326D0
25	19	0326E0	0326F0	classified	stage0_metatiles,metatile_0326E0
25	19	0326F0	032700	classified	stage0_metatiles,metatile_0326F0
25	19	032700	032710	classified	stage0_metatiles,metatile_032700
25	19	032710	032720	classified	stage0_metatiles,metatile_032710
25	19	032720	032730	classified	stage0_metatiles,metatile_032720
25	19	032730	032740	classified	stage0_metatiles,metatile_032730
25	19	032740	032750	classified	stage0_metatiles
25	19	032750	032760	classified	stage0_metatiles,metatile_032750
25	19	032760	032770	classified	stage0_metatiles,metatile_032760
25	19	032770	032780	classified	stage0_metatiles,metatile_032770
25	19	032780	032790	classified	stage0_metatiles,metatile_032780
25	19	032790	0327A0	classified	stage0_metatiles,metatile_032790
25	19	0327A0	0327B0	classified	stage0_metatiles,metatile_0327A0
25	19	0327B0	0327C0	classified	stage0_metatiles,metatile_0327B0
25	19	0327C0	0327D0	classified	stage0_metatiles,metatile_0327C0
25	19	0327D0	0327E0	classified	stage0_metatiles,metatile_0327D0
25	19	0327E0	0327F0	classified	stage0_metatiles,metatile_0327E0
25	19	0327F0	032800	classified	stage0_metatiles,metatile_0327F0
25	19	032800	032810	classified	stage0_metatiles,metatile_032800
25	19	032810	032820	classified	stage0_metatiles,metatile_032810
25	19	032820	032830	classified	stage0_metatiles,metatile_032820
25	19	032830	032840	classified	stage0_metatiles,metatile_032830
25	19	032840	032850	classified	stage0_metatiles,metatile_032840
25	19	032850	032860	classified	stage0_metatiles,metatile_032850
25	19	032860	032870	classified	stage0_metatiles,metatile_032860
25	19	032870	032880	classified	stage0_metatiles,metatile_032870
25	19	032880	032890	classified	stage0_metatiles,metatile_032880
25	19	032890	0328A0	classified	stage0_metatiles,metatile_032890
25	19	0328A0	0328B0	classified	stage0_metatiles,metatile_0328A0
25	19	0328B0	0328C0	classified	stage0_metatiles,metatile_0328B0
25	19	0328C0	0328D0	classified	stage0_metatiles,metatile_0328C0
25	19	0328D0	0328E0	classified	stage0_metatiles,metatile_0328D0
25	19	0328E0	0328F0	classified	stage0_metatiles,metatile_0328E0
25	19	0328F0	032900	classified	stage0_metatiles,metatile_0328F0
25	19	032900	032910	classified	stage0_metatiles,metatile_032900
25	19	032910	032920	classified	stage0_metatiles,metatile_032910
25	19	032920	032930	classified	stage0_metatiles,metatile_032920
25	19	032930	032940	classified	stage0_metatiles,metatile_032930
25	19	032940	032950	classified	stage0_metatiles,metatile_032940
25	19	032950	032960	classified	stage0_metatiles,metatile_032950
25	19	032960	032970	classified	stage0_metatiles,metatile_032960
25	19	032970	032980	classified	stage0_metatiles,metatile_032970
25	19	032980	032990	classified	stage0_metatiles,metatile_032980
25	19	032990	0329A0	classified	stage0_metatiles,metatile_032990
25	19	0329A0	0329B0	classified	stage0_metatiles,metatile_0329A0
25	19	0329B0	0329C0	classified	stage0_metatiles,metatile_0329B0
25	19	0329C0	0329D0	classified	stage0_metatiles,metatile_0329C0
25	19	0329D0	0329E0	classified	stage0_metatiles,metatile_0329D0
25	19	0329E0	0329F0	classified	stage0_metatiles,metatile_0329E0
25	19	0329F0	032A00	classified	stage0_metatiles,metatile_0329F0
25	19	032A00	032A10	classified	stage0_metatiles,metatile_032A00
25	19	032A10	032A20	classified	stage0_metatiles,metatile_032A10
25	19	032A20	032A30	classified	stage0_metatiles,metatile_032A20
25	19	032A30	032A40	classified	stage0_metatiles,metatile_032A30
25	19	032A40	032A50	classified	stage0_metatiles,metatile_032A40
25	19	032A50	032A60	classified	stage0_metatiles,metatile_032A50
25	19	032A60	032A70	classified	stage0_metatiles,metatile_032A60
25	19	032A70	032A80	classified	stage0_metatiles,metatile_032A70
25	19	032A80	032A90	classified	stage0_metatiles,metatile_032A80
25	19	032A90	032AA0	classified	stage0_metatiles,metatile_032A90
25	19	032AA0	032AB0	classified	stage0_metatiles,metatile_032AA0
25	19	032AB0	032AC0	classified	stage0_metatiles,metatile_032AB0
25	19	032AC0	032AD0	classified	stage0_metatiles,metatile_032AC0
25	19	032AD0	032AE0	classified	stage0_metatiles,metatile_032AD0
25	19	032AE0	032AF0	classified	stage0_metatiles,metatile_032AE0
25	19	032AF0	032B00	classified	stage0_metatiles,metatile_032AF0
25	19	032B00	032B10	classified	stage0_metatiles,metatile_032B00
25	19	032B10	032B20	classified	stage0_metatiles,metatile_032B10
25	19	032B20	032B30	classified	stage0_metatiles,metatile_032B20
25	19	032B30	032B40	classified	stage0_metatiles,metatile_032B30
25	19	032B40	032B50	classified	stage0_metatiles,metatile_032B40
25	19	032B50	032B60	classified	stage0_metatiles,metatile_032B50
25	19	032B60	032B70	classified	stage0_metatiles,metatile_032B60
25	19	032B70	032B80	classified	stage0_metatiles,metatile_032B70
25	19	032B80	032B90	classified	stage0_metatiles,metatile_032B80
25	19	032B90	032BA0	classified	stage0_metatiles,metatile_032B90
25	19	032BA0	032BB0	classified	stage0_metatiles,metatile_032BA0
25	19	032BB0	032BC0	classified	stage0_metatiles,metatile_032BB0
25	19	032BC0	032BD0	classified	stage0_metatiles,metatile_032BC0
25	19	032BD0	032BE0	classified	stage0_metatiles,metatile_032BD0
25	19	032BE0	032BF0	classified	stage0_metatiles,metatile_032BE0
25	19	032BF0	032C00	classified	stage0_metatiles,metatile_032BF0
25	19	032C00	032C10	classified	stage0_metatiles,metatile_032C00
25	19	032C10	032C20	classified	stage0_metatiles,metatile_032C10
25	19	032C20	032C30	classified	stage0_metatiles,metatile_032C20
25	19	032C30	032C40	classified	stage0_metatiles,metatile_032C30
25	19	032C40	032C50	classified	stage0_metatiles,metatile_032C40
25	19	032C50	032C60	classified	stage0_metatiles,metatile_032C50
25	19	032C60	032C70	classified	stage0_metatiles,metatile_032C60
25	19	032C70	032C80	classified	stage0_metatiles,metatile_032C70
25	19	032C80	032C90	classified	stage0_metatiles,metatile_032C80
25	19	032C90	032CA0	classified	stage0_metatiles,metatile_032C90
25	19	032CA0	032CB0	classified	stage0_metatiles,metatile_032CA0
25	19	032CB0	032CC0	classified	stage0_metatiles,metatile_032CB0
25	19	032CC0	032CD0	classified	stage0_metatiles,metatile_032CC0
25	19	032CD0	032CE0	classified	stage0_metatiles,metatile_032CD0
25	19	032CE0	032CF0	classified	stage0_metatiles,metatile_032CE0
25	19	032CF0	032D00	classified	stage0_metatiles,metatile_032CF0
25	19	032D00	032D10	classified	stage0_metatiles,metatile_032D00
25	19	032D10	032D20	classified	stage0_metatiles,metatile_032D10
25	19	032D20	032D30	classified	stage0_metatiles,metatile_032D20
25	19	032D30	032D40	classified	stage0_metatiles,metatile_032D30
25	19	032D40	032D50	classified	stage0_metatiles,metatile_032D40
25	19	032D50	032D60	classified	stage0_metatiles,metatile_032D50
25	19	032D60	032D70	classified	stage0_metatiles,metatile_032D60
25	19	032D70	032D80	classified	stage0_metatiles,metatile_032D70
25	19	032D80	032D90	classified	stage0_metatiles,metatile_032D80
25	19	032D90	032DA0	classified	stage0_metatiles,metatile_032D90
25	19	032DA0	032DB0	classified	stage0_metatiles,metatile_032DA0
25	19	032DB0	032DC0	classified	stage0_metatiles,metatile_032DB0
25	19	032DC0	032DD0	classified	stage0_metatiles,metatile_032DC0
25	19	032DD0	032DE0	classified	stage0_metatiles,metatile_032DD0
25	19	032DE0	032DF0	classified	stage0_metatiles,metatile_032DE0
25	19	032DF0	032E00	classified	stage0_metatiles,metatile_032DF0
25	19	032E00	032E10	classified	stage0_metatiles,metatile_032E00
25	19	032E10	032E20	classified	stage0_metatiles,metatile_032E10
25	19	032E20	032E30	classified	stage0_metatiles,metatile_032E20
25	19	032E30	032E40	classified	stage0_metatiles,metatile_032E30
25	19	032E40	032E50	classified	stage0_metatiles,metatile_032E40
25	19	032E50	032E60	classified	stage0_metatiles,metatile_032E50
25	19	032E60	032E70	classified	stage0_metatiles,metatile_032E60
25	19	032E70	032E80	classified	stage0_metatiles,metatile_032E70
25	19	032E80	032E90	classified	stage0_metatiles,metatile_032E80
25	19	032E90	032EA0	classified	stage0_metatiles,metatile_032E90
25	19	032EA0	032EB0	classified	stage0_metatiles,metatile_032EA0
25	19	032EB0	032EC0	classified	stage0_metatiles,metatile_032EB0
25	19	032EC0	032ED0	classified	stage0_metatiles,metatile_032EC0
25	19	032ED0	032EE0	classified	stage0_metatiles,metatile_032ED0
25	19	032EE0	032EF0	classified	stage0_metatiles,metatile_032EE0
25	19	032EF0	032F00	classified	stage0_metatiles,metatile_032EF0
25	19	032F00	032F10	classified	stage0_metatiles,metatile_032F00
25	19	032F10	032F20	classified	stage0_metatiles,metatile_032F10
25	19	032F20	032F30	classified	stage0_metatiles,metatile_032F20
25	19	032F30	032F40	classified	stage0_metatiles,metatile_032F30
25	19	032F40	032F50	classified	stage0_metatiles,metatile_032F40
25	19	032F50	032F60	classified	stage0_metatiles,metatile_032F50
25	19	032F60	032F70	classified	stage0_metatiles,metatile_032F60
25	19	032F70	032F80	classified	stage0_metatiles,metatile_032F70
25	19	032F80	032F90	classified	stage0_metatiles,metatile_032F80
25	19	032F90	032FA0	classified	stage0_metatiles,metatile_032F90
25	19	032FA0	032FB0	classified	stage0_metatiles,metatile_032FA0
25	19	032FB0	032FC0	classified	stage0_metatiles,metatile_032FB0
25	19	032FC0	032FD0	classified	stage0_metatiles,metatile_032FC0
25	19	032FD0	032FE0	classified	stage0_metatiles,metatile_032FD0
25	19	032FE0	032FF0	classified	stage0_metatiles,metatile_032FE0
25	19	032FF0	033000	classified	stage0_metatiles,metatile_032FF0
25	19	033000	033010	classified	metatile_033000
25	19	033010	033020	classified	metatile_033010
25	19	033020	033030	classified	metatile_033020
25	19	033030	033040	classified	metatile_033030
25	19	033040	033050	classified	metatile_033040
25	19	033050	033060	classified	metatile_033050
25	19	033060	033070	classified	metatile_033060
25	19	033070	033080	classified	metatile_033070
25	19	033080	033090	classified	metatile_033080
25	19	033090	0330A0	classified	metatile_033090
25	19	0330A0	0330B0	classified	metatile_0330A0
25	19	0330B0	0330C0	classified	metatile_0330B0
25	19	0330C0	0330D0	classified	metatile_0330C0
25	19	0330D0	0330E0	classified	metatile_0330D0
25	19	0330E0	0330F0	classified	metatile_0330E0
25	19	0330F0	033100	classified	metatile_0330F0
25	19	033100	033110	classified	metatile_033100
25	19	033110	033120	classified	metatile_033110
25	19	033120	033130	unknown	
25	19	033130	033140	classified	metatile_033130
25	19	033140	033150	classified	metatile_033140
25	19	033150	033160	classified	metatile_033150
25	19	033160	033170	classified	metatile_033160
25	19	033170	033180	classified	metatile_033170
25	19	033180	033190	classified	metatile_033180
25	19	033190	0331A0	classified	metatile_033190
25	19	0331A0	0331B0	classified	metatile_0331A0
25	19	0331B0	0331C0	classified	metatile_0331B0
25	19	0331C0	0331D0	classified	metatile_0331C0
25	19	0331D0	0331E0	classified	metatile_0331D0
25	19	0331E0	0331F0	classified	metatile_0331E0
25	19	0331F0	033200	classified	metatile_0331F0
25	19	033200	033210	classified	metatile_033200
25	19	033210	033220	classified	metatile_033210
25	19	033220	033230	classified	metatile_033220
25	19	033230	033240	classified	metatile_033230
25	19	033240	033250	classified	metatile_033240
25	19	033250	033260	classified	metatile_033250
25	19	033260	033270	classified	metatile_033260
25	19	033270	033280	classified	metatile_033270
25	19	033280	033290	classified	metatile_033280
25	19	033290	0332A0	classified	metatile_033290
25	19	0332A0	0332B0	classified	metatile_0332A0
25	19	0332B0	0332C0	classified	metatile_0332B0
25	19	0332C0	0332D0	classified	metatile_0332C0
25	19	0332D0	0332E0	classified	metatile_0332D0
25	19	0332E0	0332F0	classified	metatile_0332E0
25	19	0332F0	033300	classified	metatile_0332F0
25	19	033300	033310	classified	metatile_033300
25	19	033310	033320	classified	metatile_033310
25	19	033320	033330	classified	metatile_033320
25	19	033330	033340	classified	metatile_033330
25	19	033340	033350	classified	metatile_033340
25	19	033350	033360	classified	metatile_033350
25	19	033360	033370	classified	metatile_033360
25	19	033370	033380	classified	metatile_033370
25	19	033380	033390	classified	metatile_033380
25	19	033390	0333A0	classified	metatile_033390
25	19	0333A0	0333B0	classified	metatile_0333A0
25	19	0333B0	0333C0	classified	metatile_0333B0
25	19	0333C0	0333D0	classified	metatile_0333C0
25	19	0333D0	0333E0	classified	metatile_0333D0
25	19	0333E0	0333F0	classified	metatile_0333E0
25	19	0333F0	033400	classified	metatile_0333F0
25	19	033400	033410	classified	metatile_033400
25	19	033410	033420	classified	metatile_033410
25	19	033420	033430	classified	metatile_033420
25	19	033430	033440	classified	metatile_033430
25	19	033440	033450	classified	metatile_033440
25	19	033450	033460	classified	metatile_033450
25	19	033460	033470	classified	metatile_033460
25	19	033470	033480	classified	metatile_033470
25	19	033480	033490	classified	metatile_033480
25	19	033490	0334A0	classified	metatile_033490
25	19	0334A0	0334B0	classified	metatile_0334A0
25	19	0334B0	0334C0	classified	metatile_0334B0
25	19	0334C0	0334D0	classified	metatile_0334C0
25	19	0334D0	0334E0	classified	metatile_0334D0
25	19	0334E0	0334F0	classified	metatile_0334E0
25	19	0334F0	033500	classified	metatile_0334F0
25	19	033500	033510	classified	metatile_033500
25	19	033510	033520	classified	metatile_033510
25	19	033520	033530	classified	metatile_033520
25	19	033530	033540	classified	metatile_033530
25	19	033540	033550	classified	metatile_033540
25	19	033550	033560	unknown	
25	19	033560	033570	classified	metatile_033560
25	19	033570	033580	classified	metatile_033570
25	19	033580	033590	classified	metatile_033580
25	19	033590	0335A0	classified	metatile_033590
25	19	0335A0	0335B0	classified	metatile_0335A0
25	19	0335B0	0335C0	classified	metatile_0335B0
25	19	0335C0	0335D0	classified	metatile_0335C0
25	19	0335D0	0335E0	unknown	
25	19	0335E0	0335F0	classified	metatile_0335E0
25	19	0335F0	033600	classified	metatile_0335F0
25	19	033600	033610	classified	metatile_033600
25	19	033610	033620	classified	metatile_033610
25	19	033620	033630	classified	metatile_033620
25	19	033630	033640	classified	metatile_033630
25	19	033640	033650	classified	metatile_033640
25	19	033650	033660	classified	metatile_033650
25	19	033660	033670	classified	metatile_033660
25	19	033670	033680	classified	metatile_033670
25	19	033680	033690	classified	metatile_033680
25	19	033690	0336A0	unknown	
25	19	0336A0	0336B0	classified	metatile_0336A0
25	19	0336B0	0336C0	unknown	
25	19	0336C0	0336D0	classified	metatile_0336C0
25	19	0336D0	0336E0	classified	metatile_0336D0
25	19	0336E0	0336F0	classified	metatile_0336E0
25	19	0336F0	033700	classified	metatile_0336F0
25	19	033700	033710	classified	metatile_033700
25	19	033710	033720	classified	metatile_033710
25	19	033720	033730	classified	metatile_033720
25	19	033730	033740	classified	metatile_033730
25	19	033740	033750	classified	metatile_033740
25	19	033750	033760	classified	metatile_033750
25	19	033760	033770	classified	metatile_033760
25	19	033770	033780	classified	metatile_033770
25	19	033780	033790	classified	metatile_033780
25	19	033790	0337A0	classified	metatile_033790
25	19	0337A0	0337B0	classified	metatile_0337A0
25	19	0337B0	0337C0	classified	metatile_0337B0
25	19	0337C0	0337D0	classified	metatile_0337C0
25	19	0337D0	0337E0	classified	metatile_0337D0
25	19	0337E0	0337F0	classified	metatile_0337E0
25	19	0337F0	033800	classified	metatile_0337F0
25	19	033800	033810	unknown	
25	19	033810	033820	classified	metatile_033810
25	19	033820	033830	classified	metatile_033820
25	19	033830	033840	classified	metatile_033830
25	19	033840	033850	classified	metatile_033840
25	19	033850	033860	classified	metatile_033850
25	19	033860	033870	classified	metatile_033860
25	19	033870	033880	classified	metatile_033870
25	19	033880	033890	classified	metatile_033880
25	19	033890	0338A0	unknown	
25	19	0338A0	0338B0	classified	metatile_0338A0
25	19	0338B0	0338C0	classified	metatile_0338B0
25	19	0338C0	0338D0	classified	metatile_0338C0
25	19	0338D0	0338E0	classified	metatile_0338D0
25	19	0338E0	0338F0	classified	metatile_0338E0
25	19	0338F0	033900	classified	metatile_0338F0
25	19	033900	033910	classified	metatile_033900
25	19	033910	033920	classified	metatile_033910
25	19	033920	033930	classified	metatile_033920
25	19	033930	033940	classified	metatile_033930
25	19	033940	033950	classified	metatile_033940
25	19	033950	033960	classified	metatile_033950
25	19	033960	033970	classified	metatile_033960
25	19	033970	033980	classified	metatile_033970
25	19	033980	033990	classified	metatile_033980
25	19	033990	0339A0	classified	metatile_033990
25	19	0339A0	0339B0	classified	metatile_0339A0
25	19	0339B0	0339C0	classified	metatile_0339B0
25	19	0339C0	0339D0	classified	metatile_0339C0
25	19	0339D0	0339E0	classified	metatile_0339D0
25	19	0339E0	0339F0	classified	metatile_0339E0
25	19	0339F0	033A00	unknown	
25	19	033A00	033A10	classified	metatile_033A00
25	19	033A10	033A20	classified	metatile_033A10
25	19	033A20	033A30	classified	metatile_033A20
25	19	033A30	033A40	classified	metatile_033A30
25	19	033A40	033A50	classified	metatile_033A40
25	19	033A50	033A60	classified	metatile_033A50
25	19	033A60	033A70	classified	metatile_033A60
25	19	033A70	033A80	classified	metatile_033A70
25	19	033A80	033A90	classified	metatile_033A80
25	19	033A90	033AC0	unknown	
25	19	033AC0	033AD0	classified	metatile_033AC0
25	19	033AD0	033AE0	classified	metatile_033AD0
25	19	033AE0	033AF0	classified	metatile_033AE0
25	19	033AF0	033B00	classified	metatile_033AF0
25	19	033B00	033B10	classified	metatile_033B00
25	19	033B10	033B20	classified	metatile_033B10
25	19	033B20	033B30	classified	metatile_033B20
25	19	033B30	033B40	classified	metatile_033B30
25	19	033B40	033B50	classified	metatile_033B40
25	19	033B50	033B60	classified	metatile_033B50
25	19	033B60	033B70	classified	metatile_033B60
25	19	033B70	033B80	classified	metatile_033B70
25	19	033B80	033B90	classified	metatile_033B80
25	19	033B90	033BA0	classified	metatile_033B90
25	19	033BA0	033BB0	classified	metatile_033BA0
25	19	033BB0	033BC0	classified	metatile_033BB0
25	19	033BC0	033BD0	classified	metatile_033BC0
25	19	033BD0	033BE0	classified	metatile_033BD0
25	19	033BE0	033BF0	classified	metatile_033BE0
25	19	033BF0	033C00	classified	metatile_033BF0
25	19	033C00	033C10	classified	metatile_033C00
25	19	033C10	033C20	classified	metatile_033C10
25	19	033C20	033C30	classified	metatile_033C20
25	19	033C30	033C40	classified	metatile_033C30
25	19	033C40	033C50	classified	metatile_033C40
25	19	033C50	033C60	classified	metatile_033C50
25	19	033C60	033C70	classified	metatile_033C60
25	19	033C70	033C80	classified	metatile_033C70
25	19	033C80	033C90	classified	metatile_033C80
25	19	033C90	033CA0	classified	metatile_033C90
25	19	033CA0	033CB0	classified	metatile_033CA0
25	19	033CB0	033CC0	classified	metatile_033CB0
25	19	033CC0	033CD0	classified	metatile_033CC0
25	19	033CD0	033CE0	classified	metatile_033CD0
25	19	033CE0	033CF0	classified	metatile_033CE0
25	19	033CF0	033D00	classified	metatile_033CF0
25	19	033D00	033D10	classified	metatile_033D00
25	19	033D10	033D20	classified	metatile_033D10
25	19	033D20	033D30	classified	metatile_033D20
25	19	033D30	033D40	classified	metatile_033D30
25	19	033D40	033D50	classified	metatile_033D40
25	19	033D50	033D60	classified	metatile_033D50
25	19	033D60	033D70	classified	metatile_033D60
25	19	033D70	033D80	classified	metatile_033D70
25	19	033D80	033D90	classified	metatile_033D80
25	19	033D90	033DA0	classified	metatile_033D90
25	19	033DA0	033DB0	classified	metatile_033DA0
25	19	033DB0	033DC0	classified	metatile_033DB0
25	19	033DC0	033DD0	classified	metatile_033DC0
25	19	033DD0	033DE0	classified	metatile_033DD0
25	19	033DE0	033DF0	classified	metatile_033DE0
25	19	033DF0	033E00	classified	metatile_033DF0
25	19	033E00	033E10	classified	metatile_033E00
25	19	033E10	033E20	classified	metatile_033E10
25	19	033E20	033E30	classified	metatile_033E20
25	19	033E30	033E40	classified	metatile_033E30
25	19	033E40	033E50	classified	metatile_033E40
25	19	033E50	033E60	classified	metatile_033E50
25	19	033E60	033E70	classified	metatile_033E60
25	19	033E70	033E80	unknown	
25	19	033E80	033E90	classified	metatile_033E80
25	19	033E90	033EA0	classified	metatile_033E90
25	19	033EA0	033EB0	classified	metatile_033EA0
25	19	033EB0	033EC0	unknown	
25	19	033EC0	033ED0	classified	metatile_033EC0
25	19	033ED0	033EE0	classified	metatile_033ED0
25	19	033EE0	033EF0	classified	metatile_033EE0
25	19	033EF0	033F00	classified	metatile_033EF0
25	19	033F00	033F10	classified	metatile_033F00
25	19	033F10	033F20	classified	metatile_033F10
25	19	033F20	033F30	classified	metatile_033F20
25	19	033F30	033F40	classified	metatile_033F30
25	19	033F40	033F50	classified	metatile_033F40
25	19	033F50	033F60	classified	metatile_033F50
25	19	033F60	033F70	classified	metatile_033F60
25	19	033F70	033F80	classified	metatile_033F70
25	19	033F80	033F90	classified	metatile_033F80
25	19	033F90	033FA0	classified	metatile_033F90
25	19	033FA0	033FB0	unknown	
25	19	033FB0	033FC0	classified	metatile_033FB0
25	19	033FC0	033FD0	classified	metatile_033FC0
25	19	033FD0	033FE0	classified	metatile_033FD0
25	19	033FE0	033FF0	classified	metatile_033FE0
25	19	033FF0	034000	classified	metatile_033FF0
26	1A	034000	034010	classified	metatile_034000
26	1A	034010	034020	classified	metatile_034010
26	1A	034020	034030	classified	metatile_034020
26	1A	034030	034040	classified	metatile_034030
26	1A	034040	034050	classified	metatile_034040
26	1A	034050	034060	unknown	
26	1A	034060	034070	classified	metatile_034060
26	1A	034070	034080	classified	metatile_034070
26	1A	034080	034090	classified	metatile_034080
26	1A	034090	0340A0	classified	metatile_034090
26	1A	0340A0	0340B0	classified	metatile_0340A0
26	1A	0340B0	0340C0	classified	metatile_0340B0
26	1A	0340C0	0340D0	classified	metatile_0340C0
26	1A	0340D0	0340E0	classified	metatile_0340D0
26	1A	0340E0	0340F0	classified	metatile_0340E0
26	1A	0340F0	034100	classified	metatile_0340F0
26	1A	034100	034110	classified	metatile_034100
26	1A	034110	034120	classified	metatile_034110
26	1A	034120	034130	classified	metatile_034120
26	1A	034130	034140	classified	metatile_034130
26	1A	034140	034150	classified	metatile_034140
26	1A	034150	034160	classified	metatile_034150
26	1A	034160	034170	classified	metatile_034160
26	1A	034170	034180	classified	metatile_034170
26	1A	034180	034190	classified	metatile_034180
26	1A	034190	0341A0	classified	metatile_034190
26	1A	0341A0	0341B0	classified	metatile_0341A0
26	1A	0341B0	0341C0	classified	metatile_0341B0
26	1A	0341C0	0341D0	classified	metatile_0341C0
26	1A	0341D0	0341E0	classified	metatile_0341D0
26	1A	0341E0	0341F0	classified	metatile_0341E0
26	1A	0341F0	034200	classified	metatile_0341F0
26	1A	034200	034210	classified	metatile_034200
26	1A	034210	034220	classified	metatile_034210
26	1A	034220	034230	classified	metatile_034220
26	1A	034230	034240	classified	metatile_034230
26	1A	034240	034260	unknown	
26	1A	034260	034270	classified	metatile_034260
26	1A	034270	034280	classified	metatile_034270
26	1A	034280	034290	classified	metatile_034280
26	1A	034290	0342A0	classified	metatile_034290
26	1A	0342A0	0342C0	unknown	
26	1A	0342C0	0342D0	classified	metatile_0342C0
26	1A	0342D0	0342E0	classified	metatile_0342D0
26	1A	0342E0	0342F0	classified	metatile_0342E0
26	1A	0342F0	034300	classified	metatile_0342F0
26	1A	034300	034310	classified	metatile_034300
26	1A	034310	034320	classified	metatile_034310
26	1A	034320	034330	classified	metatile_034320
26	1A	034330	034340	classified	metatile_034330
26	1A	034340	034350	classified	metatile_034340
26	1A	034350	034360	classified	metatile_034350
26	1A	034360	034370	classified	metatile_034360
26	1A	034370	034380	classified	metatile_034370
26	1A	034380	034390	classified	metatile_034380
26	1A	034390	0343A0	classified	metatile_034390
26	1A	0343A0	0343B0	classified	metatile_0343A0
26	1A	0343B0	0343C0	classified	metatile_0343B0
26	1A	0343C0	0343D0	classified	metatile_0343C0
26	1A	0343D0	0343E0	classified	metatile_0343D0
26	1A	0343E0	0343F0	classified	metatile_0343E0
26	1A	0343F0	034400	classified	metatile_0343F0
26	1A	034400	034410	classified	metatile_034400
26	1A	034410	034420	classified	metatile_034410
26	1A	034420	034430	classified	metatile_034420
26	1A	034430	034440	classified	metatile_034430
26	1A	034440	034450	classified	metatile_034440
26	1A	034450	034460	classified	metatile_034450
26	1A	034460	034470	classified	metatile_034460
26	1A	034470	034480	classified	metatile_034470
26	1A	034480	034490	classified	metatile_034480
26	1A	034490	0344A0	classified	metatile_034490
26	1A	0344A0	0344B0	classified	metatile_0344A0
26	1A	0344B0	0344C0	unknown	
26	1A	0344C0	0344D0	classified	metatile_0344C0
26	1A	0344D0	0344E0	classified	metatile_0344D0
26	1A	0344E0	0344F0	classified	metatile_0344E0
26	1A	0344F0	034500	classified	metatile_0344F0
26	1A	034500	034510	classified	metatile_034500
26	1A	034510	034520	classified	metatile_034510
26	1A	034520	034530	classified	metatile_034520
26	1A	034530	034540	classified	metatile_034530
26	1A	034540	034550	classified	metatile_034540
26	1A	034550	034560	classified	metatile_034550
26	1A	034560	034570	classified	metatile_034560
26	1A	034570	034580	classified	metatile_034570
26	1A	034580	034590	classified	metatile_034580
26	1A	034590	0345A0	classified	metatile_034590
26	1A	0345A0	0345B0	classified	metatile_0345A0
26	1A	0345B0	0345C0	classified	metatile_0345B0
26	1A	0345C0	0345D0	classified	metatile_0345C0
26	1A	0345D0	0345E0	classified	metatile_0345D0
26	1A	0345E0	0345F0	classified	metatile_0345E0
26	1A	0345F0	034600	classified	metatile_0345F0
26	1A	034600	034610	unknown	
26	1A	034610	034620	classified	metatile_034610
26	1A	034620	034630	classified	metatile_034620
26	1A	034630	034640	classified	metatile_034630
26	1A	034640	034650	classified	metatile_034640
26	1A	034650	034660	classified	metatile_034650
26	1A	034660	034670	classified	metatile_034660
26	1A	034670	034680	classified	metatile_034670
26	1A	034680	034690	classified	metatile_034680
26	1A	034690	0346A0	classified	metatile_034690
26	1A	0346A0	0346B0	classified	metatile_0346A0
26	1A	0346B0	0346C0	classified	metatile_0346B0
26	1A	0346C0	0346D0	classified	metatile_0346C0
26	1A	0346D0	0346E0	classified	metatile_0346D0
26	1A	0346E0	0346F0	classified	metatile_0346E0
26	1A	0346F0	034700	classified	metatile_0346F0
26	1A	034700	034710	classified	metatile_034700
26	1A	034710	034720	classified	metatile_034710
26	1A	034720	034730	classified	metatile_034720
26	1A	034730	034740	classified	metatile_034730
26	1A	034740	034750	classified	metatile_034740
26	1A	034750	034760	classified	metatile_034750
26	1A	034760	034770	classified	metatile_034760
26	1A	034770	034780	classified	metatile_034770
26	1A	034780	034790	classified	metatile_034780
26	1A	034790	0347A0	classified	metatile_034790
26	1A	0347A0	0347B0	classified	metatile_0347A0
26	1A	0347B0	0347C0	classified	metatile_0347B0
26	1A	0347C0	0347D0	classified	metatile_0347C0
26	1A	0347D0	0347E0	classified	metatile_0347D0
26	1A	0347E0	0347F0	classified	metatile_0347E0
26	1A	0347F0	034800	classified	metatile_0347F0
26	1A	034800	034810	classified	metatile_034800
26	1A	034810	034820	classified	metatile_034810
26	1A	034820	034830	classified	metatile_034820
26	1A	034830	034840	classified	metatile_034830
26	1A	034840	034850	classified	metatile_034840
26	1A	034850	034860	classified	metatile_034850
26	1A	034860	034870	classified	metatile_034860
26	1A	034870	034880	classified	metatile_034870
26	1A	034880	034890	classified	metatile_034880
26	1A	034890	0348A0	classified	metatile_034890
26	1A	0348A0	0348B0	classified	metatile_0348A0
26	1A	0348B0	0348C0	classified	metatile_0348B0
26	1A	0348C0	0348D0	classified	metatile_0348C0
26	1A	0348D0	0348E0	classified	metatile_0348D0
26	1A	0348E0	0348F0	classified	metatile_0348E0
26	1A	0348F0	034900	classified	metatile_0348F0
26	1A	034900	034910	classified	metatile_034900
26	1A	034910	034920	classified	metatile_034910
26	1A	034920	034930	classified	metatile_034920
26	1A	034930	034940	classified	metatile_034930
26	1A	034940	034950	classified	metatile_034940
26	1A	034950	034960	classified	metatile_034950
26	1A	034960	034970	classified	metatile_034960
26	1A	034970	034980	classified	metatile_034970
26	1A	034980	034990	classified	metatile_034980
26	1A	034990	0349A0	classified	metatile_034990
26	1A	0349A0	0349B0	classified	metatile_0349A0
26	1A	0349B0	0349C0	unknown	
26	1A	0349C0	0349D0	classified	metatile_0349C0
26	1A	0349D0	0349E0	classified	metatile_0349D0
26	1A	0349E0	0349F0	classified	metatile_0349E0
26	1A	0349F0	034A00	classified	metatile_0349F0
26	1A	034A00	034A10	classified	metatile_034A00
26	1A	034A10	034A20	classified	metatile_034A10
26	1A	034A20	034A30	classified	metatile_034A20
26	1A	034A30	034A40	classified	metatile_034A30
26	1A	034A40	034A50	classified	metatile_034A40
26	1A	034A50	034A60	classified	metatile_034A50
26	1A	034A60	034A70	classified	metatile_034A60
26	1A	034A70	034A80	classified	metatile_034A70
26	1A	034A80	034A90	classified	metatile_034A80
26	1A	034A90	034AA0	classified	metatile_034A90
26	1A	034AA0	034AB0	classified	metatile_034AA0
26	1A	034AB0	034AC0	classified	metatile_034AB0
26	1A	034AC0	034AD0	classified	metatile_034AC0
26	1A	034AD0	034AE0	classified	metatile_034AD0
26	1A	034AE0	034AF0	classified	metatile_034AE0
26	1A	034AF0	034B00	classified	metatile_034AF0
26	1A	034B00	034B10	classified	metatile_034B00
26	1A	034B10	034B20	classified	metatile_034B10
26	1A	034B20	034B30	classified	metatile_034B20
26	1A	034B30	034B40	classified	metatile_034B30
26	1A	034B40	034B50	classified	metatile_034B40
26	1A	034B50	034B60	classified	metatile_034B50
26	1A	034B60	034B70	classified	metatile_034B60
26	1A	034B70	034B80	classified	metatile_034B70
26	1A	034B80	034B90	classified	metatile_034B80
26	1A	034B90	034BA0	classified	metatile_034B90
26	1A	034BA0	034BB0	classified	metatile_034BA0
26	1A	034BB0	034BC0	classified	metatile_034BB0
26	1A	034BC0	034BD0	classified	metatile_034BC0
26	1A	034BD0	034BE0	classified	metatile_034BD0
26	1A	034BE0	034BF0	classified	metatile_034BE0
26	1A	034BF0	034C00	classified	metatile_034BF0
26	1A	034C00	034C10	classified	metatile_034C00
26	1A	034C10	034C20	classified	metatile_034C10
26	1A	034C20	034C30	classified	metatile_034C20
26	1A	034C30	034C40	classified	metatile_034C30
26	1A	034C40	034C50	unknown	
26	1A	034C50	034C60	classified	metatile_034C50
26	1A	034C60	034C70	classified	metatile_034C60
26	1A	034C70	034C80	classified	metatile_034C70
26	1A	034C80	034C90	classified	metatile_034C80
26	1A	034C90	034CA0	classified	metatile_034C90
26	1A	034CA0	034CB0	classified	metatile_034CA0
26	1A	034CB0	034CC0	classified	metatile_034CB0
26	1A	034CC0	034CD0	classified	metatile_034CC0
26	1A	034CD0	034CE0	classified	metatile_034CD0
26	1A	034CE0	034CF0	classified	metatile_034CE0
26	1A	034CF0	034D00	classified	metatile_034CF0
26	1A	034D00	034D10	classified	metatile_034D00
26	1A	034D10	034D20	classified	metatile_034D10
26	1A	034D20	034D30	classified	metatile_034D20
26	1A	034D30	034D40	classified	metatile_034D30
26	1A	034D40	034D50	classified	metatile_034D40
26	1A	034D50	034D60	classified	metatile_034D50
26	1A	034D60	034D70	classified	metatile_034D60
26	1A	034D70	034D80	classified	metatile_034D70
26	1A	034D80	034D90	classified	metatile_034D80
26	1A	034D90	034DA0	unknown	
26	1A	034DA0	034DB0	classified	metatile_034DA0
26	1A	034DB0	034DC0	classified	metatile_034DB0
26	1A	034DC0	034DD0	classified	metatile_034DC0
26	1A	034DD0	034DE0	classified	metatile_034DD0
26	1A	034DE0	034DF0	classified	metatile_034DE0
26	1A	034DF0	034E00	classified	metatile_034DF0
26	1A	034E00	034E10	classified	metatile_034E00
26	1A	034E10	034E20	classified	metatile_034E10
26	1A	034E20	034E30	classified	metatile_034E20
26	1A	034E30	034E40	classified	metatile_034E30
26	1A	034E40	034E50	classified	metatile_034E40
26	1A	034E50	034E60	classified	metatile_034E50
26	1A	034E60	034E70	classified	metatile_034E60
26	1A	034E70	034E80	classified	metatile_034E70
26	1A	034E80	034E90	classified	metatile_034E80
26	1A	034E90	034EA0	classified	metatile_034E90
26	1A	034EA0	034EB0	classified	metatile_034EA0
26	1A	034EB0	034EC0	classified	metatile_034EB0
26	1A	034EC0	034ED0	classified	metatile_034EC0
26	1A	034ED0	034EE0	classified	metatile_034ED0
26	1A	034EE0	034EF0	classified	metatile_034EE0
26	1A	034EF0	034F00	classified	metatile_034EF0
26	1A	034F00	034F10	classified	metatile_034F00
26	1A	034F10	034F20	classified	metatile_034F10
26	1A	034F20	034F30	unknown	
26	1A	034F30	034F40	classified	metatile_034F30
26	1A	034F40	034F50	classified	metatile_034F40
26	1A	034F50	034F60	classified	metatile_034F50
26	1A	034F60	034F70	classified	metatile_034F60
26	1A	034F70	034F80	classified	metatile_034F70
26	1A	034F80	034F90	classified	metatile_034F80
26	1A	034F90	034FA0	classified	metatile_034F90
26	1A	034FA0	034FB0	classified	metatile_034FA0
26	1A	034FB0	034FC0	classified	metatile_034FB0
26	1A	034FC0	034FD0	classified	metatile_034FC0
26	1A	034FD0	034FE0	classified	metatile_034FD0
26	1A	034FE0	034FF0	classified	metatile_034FE0
26	1A	034FF0	035000	classified	metatile_034FF0
26	1A	035000	035010	classified	metatile_035000
26	1A	035010	035020	classified	metatile_035010
26	1A	035020	035030	classified	metatile_035020
26	1A	035030	035040	classified	metatile_035030
26	1A	035040	035050	classified	metatile_035040
26	1A	035050	035060	classified	metatile_035050
26	1A	035060	035070	classified	metatile_035060
26	1A	035070	035080	classified	metatile_035070
26	1A	035080	035090	classified	metatile_035080
26	1A	035090	0350A0	classified	metatile_035090
26	1A	0350A0	0350B0	classified	metatile_0350A0
26	1A	0350B0	0350C0	classified	metatile_0350B0
26	1A	0350C0	0350D0	classified	metatile_0350C0
26	1A	0350D0	0350E0	classified	metatile_0350D0
26	1A	0350E0	0350F0	classified	metatile_0350E0
26	1A	0350F0	035100	classified	metatile_0350F0
26	1A	035100	035110	classified	metatile_035100
26	1A	035110	035120	classified	metatile_035110
26	1A	035120	035130	classified	metatile_035120
26	1A	035130	035140	classified	metatile_035130
26	1A	035140	035150	classified	metatile_035140
26	1A	035150	035160	classified	metatile_035150
26	1A	035160	035170	classified	metatile_035160
26	1A	035170	035180	classified	metatile_035170
26	1A	035180	035190	classified	metatile_035180
26	1A	035190	0351A0	classified	metatile_035190
26	1A	0351A0	0351B0	classified	metatile_0351A0
26	1A	0351B0	0351C0	classified	metatile_0351B0
26	1A	0351C0	0351D0	classified	metatile_0351C0
26	1A	0351D0	0351E0	classified	metatile_0351D0
26	1A	0351E0	0351F0	classified	metatile_0351E0
26	1A	0351F0	035200	classified	metatile_0351F0
26	1A	035200	035210	classified	metatile_035200
26	1A	035210	035220	classified	metatile_035210
26	1A	035220	035230	classified	metatile_035220
26	1A	035230	035240	classified	metatile_035230
26	1A	035240	035250	classified	metatile_035240
26	1A	035250	035260	classified	metatile_035250
26	1A	035260	035270	classified	metatile_035260
26	1A	035270	035280	classified	metatile_035270
26	1A	035280	035290	classified	metatile_035280
26	1A	035290	0352A0	classified	metatile_035290
26	1A	0352A0	0352B0	classified	metatile_0352A0
26	1A	0352B0	0352C0	classified	metatile_0352B0
26	1A	0352C0	0352D0	classified	metatile_0352C0
26	1A	0352D0	0352E0	classified	metatile_0352D0
26	1A	0352E0	0352F0	classified	metatile_0352E0
26	1A	0352F0	035300	classified	metatile_0352F0
26	1A	035300	035310	classified	metatile_035300
26	1A	035310	035320	classified	metatile_035310
26	1A	035320	035330	classified	metatile_035320
26	1A	035330	035340	classified	metatile_035330
26	1A	035340	035350	classified	metatile_035340
26	1A	035350	035360	classified	metatile_035350
26	1A	035360	035370	classified	metatile_035360
26	1A	035370	035380	classified	metatile_035370
26	1A	035380	035390	classified	metatile_035380
26	1A	035390	0353A0	classified	metatile_035390
26	1A	0353A0	0353B0	classified	metatile_0353A0
26	1A	0353B0	0353C0	classified	metatile_0353B0
26	1A	0353C0	0353D0	classified	metatile_0353C0
26	1A	0353D0	0353E0	classified	metatile_0353D0
26	1A	0353E0	0353F0	classified	metatile_0353E0
26	1A	0353F0	035400	classified	metatile_0353F0
26	1A	035400	035410	classified	metatile_035400
26	1A	035410	035420	classified	metatile_035410
26	1A	035420	035430	classified	metatile_035420
26	1A	035430	035440	classified	metatile_035430
26	1A	035440	035450	classified	metatile_035440
26	1A	035450	035460	classified	metatile_035450
26	1A	035460	035470	classified	metatile_035460
26	1A	035470	035480	classified	metatile_035470
26	1A	035480	035490	classified	metatile_035480
26	1A	035490	0354A0	classified	metatile_035490
26	1A	0354A0	0354B0	classified	metatile_0354A0
26	1A	0354B0	0354C0	classified	metatile_0354B0
26	1A	0354C0	0354D0	classified	metatile_0354C0
26	1A	0354D0	0354E0	classified	metatile_0354D0
26	1A	0354E0	0354F0	classified	metatile_0354E0
26	1A	0354F0	035500	classified	metatile_0354F0
26	1A	035500	035510	classified	metatile_035500
26	1A	035510	035520	classified	metatile_035510
26	1A	035520	035530	classified	metatile_035520
26	1A	035530	035540	classified	metatile_035530
26	1A	035540	035550	classified	metatile_035540
26	1A	035550	035560	classified	metatile_035550
26	1A	035560	035570	classified	metatile_035560
26	1A	035570	035580	classified	metatile_035570
26	1A	035580	035590	classified	metatile_035580
26	1A	035590	0355A0	classified	metatile_035590
26	1A	0355A0	0355B0	classified	metatile_0355A0
26	1A	0355B0	0355C0	classified	metatile_0355B0
26	1A	0355C0	0355D0	classified	metatile_0355C0
26	1A	0355D0	0355E0	classified	metatile_0355D0
26	1A	0355E0	0355F0	classified	metatile_0355E0
26	1A	0355F0	035600	classified	metatile_0355F0
26	1A	035600	035610	classified	metatile_035600
26	1A	035610	035620	classified	metatile_035610
26	1A	035620	035630	classified	metatile_035620
26	1A	035630	035640	classified	metatile_035630
26	1A	035640	0356D0	unknown	
26	1A	0356D0	0356E0	classified	metatile_0356D0
26	1A	0356E0	035AD0	unknown	
26	1A	035AD0	035AE0	classified	metatile_035AD0
26	1A	035AE0	035CF0	unknown	
26	1A	035CF0	035D00	classified	metatile_035CF0
26	1A	035D00	035E00	unknown	
26	1A	035E00	035E10	classified	metatile_035E00
26	1A	035E10	036000	unknown	
27	1B	036000	03643A	classified	stage0_background_stream,background_records_036000
27	1B	03643A	03644C	classified	palette_script_A43A,level_palette_A43A
27	1B	03644C	03644D	unknown	
27	1B	03644D	03645F	classified	palette_script_A44D,level_palette_A44D
27	1B	03645F	036460	unknown	
27	1B	036460	03694A	classified	background_records_036460
27	1B	03694A	03695C	classified	background_records_036460,level_palette_A94A
27	1B	03695C	03695D	classified	background_records_036460
27	1B	03695D	03696F	classified	background_records_036460,level_palette_A95D
27	1B	03696F	03731E	classified	background_records_036460
27	1B	03731E	037330	classified	level_palette_B31E
27	1B	037330	037331	unknown	
27	1B	037331	037769	classified	background_records_037331
27	1B	037769	03776F	classified	level_palette_B769
27	1B	03776F	037770	unknown	
27	1B	037770	037909	classified	background_records_037770
27	1B	037909	037935	unknown	
27	1B	037935	037947	classified	level_palette_B935
27	1B	037947	037948	unknown	
27	1B	037948	037A6C	classified	background_records_037948
27	1B	037A6C	037A7E	classified	background_records_037948,level_palette_BA6C
27	1B	037A7E	037AEA	classified	background_records_037948
27	1B	037AEA	038000	unknown	
28	1C	038000	038442	unknown	
28	1C	038442	038522	classified	audio_waveform_pointers
28	1C	038522	038542	classified	audio_waveform_6522
28	1C	038542	038562	classified	audio_waveform_6542
28	1C	038562	038582	classified	audio_waveform_6562
28	1C	038582	0385A2	classified	audio_waveform_6582
28	1C	0385A2	0385C2	classified	audio_waveform_65A2
28	1C	0385C2	0385E2	classified	audio_waveform_65C2
28	1C	0385E2	038602	classified	audio_waveform_65E2
28	1C	038602	038622	classified	audio_waveform_6602
28	1C	038622	038642	classified	audio_waveform_6622
28	1C	038642	038662	classified	audio_waveform_6642
28	1C	038662	038682	classified	audio_waveform_6662
28	1C	038682	0386A2	classified	audio_waveform_6682
28	1C	0386A2	0386C2	classified	audio_waveform_66A2
28	1C	0386C2	0386E2	classified	audio_waveform_66C2
28	1C	0386E2	038702	classified	audio_waveform_66E2
28	1C	038702	038722	classified	audio_waveform_6702
28	1C	038722	03873A	classified	audio_waveform_6722
28	1C	03873A	038742	classified	audio_waveform_6722,audio_waveform_673A
28	1C	038742	03875A	classified	audio_waveform_673A
28	1C	03875A	03877A	classified	audio_waveform_675A
28	1C	03877A	03879A	classified	audio_waveform_677A
28	1C	03879A	0387BA	classified	audio_waveform_679A
28	1C	0387BA	0387DA	classified	audio_waveform_67BA
28	1C	0387DA	0387FA	classified	audio_waveform_67DA
28	1C	0387FA	03881A	classified	audio_waveform_67FA
28	1C	03881A	03883A	classified	audio_waveform_681A
28	1C	03883A	03885A	classified	audio_waveform_683A
28	1C	03885A	03887A	classified	audio_waveform_685A
28	1C	03887A	03889A	classified	audio_waveform_687A
28	1C	03889A	0388BA	classified	audio_waveform_689A
28	1C	0388BA	0388DA	classified	audio_waveform_68BA
28	1C	0388DA	0388FA	classified	audio_waveform_68DA
28	1C	0388FA	03890F	unknown	
28	1C	03890F	038929	classified	audio_music_bank_selectors
28	1C	038929	0396FA	unknown	
28	1C	0396FA	0396FE	classified	audio_descriptor_76FA
28	1C	0396FE	039704	classified	audio_descriptor_76FE
28	1C	039704	03970A	classified	audio_descriptor_7704
28	1C	03970A	039710	classified	audio_descriptor_770A
28	1C	039710	039716	classified	audio_descriptor_7710
28	1C	039716	03971C	classified	audio_descriptor_7716
28	1C	03971C	039722	classified	audio_descriptor_771C
28	1C	039722	039728	classified	audio_descriptor_7722
28	1C	039728	03972E	classified	audio_descriptor_7728
28	1C	03972E	039734	classified	audio_descriptor_772E
28	1C	039734	03973A	classified	audio_descriptor_7734
28	1C	03973A	039740	classified	audio_descriptor_773A
28	1C	039740	039746	classified	audio_descriptor_7740
28	1C	039746	03974C	classified	audio_descriptor_7746
28	1C	03974C	039752	classified	audio_descriptor_774C
28	1C	039752	039758	classified	audio_descriptor_7752
28	1C	039758	03975E	classified	audio_descriptor_7758
28	1C	03975E	039764	classified	audio_descriptor_775E
28	1C	039764	03976A	classified	audio_descriptor_7764
28	1C	03976A	039770	classified	audio_descriptor_776A
28	1C	039770	039776	classified	audio_descriptor_7770
28	1C	039776	03977C	classified	audio_descriptor_7776
28	1C	03977C	039782	classified	audio_descriptor_777C
28	1C	039782	039788	classified	audio_descriptor_7782
28	1C	039788	03978E	classified	audio_descriptor_7788
28	1C	03978E	039794	classified	audio_descriptor_778E
28	1C	039794	03979A	classified	audio_descriptor_7794
28	1C	03979A	0397A0	classified	audio_descriptor_779A
28	1C	0397A0	0397A6	classified	audio_descriptor_77A0
28	1C	0397A6	0397AC	classified	audio_descriptor_77A6
28	1C	0397AC	0397B2	classified	audio_descriptor_77AC
28	1C	0397B2	0397B8	classified	audio_descriptor_77B2
28	1C	0397B8	0397BE	classified	audio_descriptor_77B8
28	1C	0397BE	0397C4	classified	audio_descriptor_77BE
28	1C	0397C4	0397CA	classified	audio_descriptor_77C4
28	1C	0397CA	0397D0	classified	audio_descriptor_77CA
28	1C	0397D0	0397D6	classified	audio_descriptor_77D0
28	1C	0397D6	0397DC	classified	audio_descriptor_77D6
28	1C	0397DC	0397E2	classified	audio_descriptor_77DC
28	1C	0397E2	0397E8	classified	audio_descriptor_77E2
28	1C	0397E8	0397EE	classified	audio_descriptor_77E8
28	1C	0397EE	0397F4	classified	audio_descriptor_77EE
28	1C	0397F4	0397FA	classified	audio_descriptor_77F4
28	1C	0397FA	039800	classified	audio_descriptor_77FA
28	1C	039800	039806	classified	audio_descriptor_7800
28	1C	039806	03980C	classified	audio_descriptor_7806
28	1C	03980C	039812	classified	audio_descriptor_780C
28	1C	039812	039818	classified	audio_descriptor_7812
28	1C	039818	03981E	classified	audio_descriptor_7818
28	1C	03981E	039824	classified	audio_descriptor_781E
28	1C	039824	03982A	classified	audio_descriptor_7824
28	1C	03982A	039830	classified	audio_descriptor_782A
28	1C	039830	039836	classified	audio_descriptor_7830
28	1C	039836	03983C	classified	audio_descriptor_7836
28	1C	03983C	039842	classified	audio_descriptor_783C
28	1C	039842	039850	classified	audio_descriptor_7842
28	1C	039850	03985E	classified	audio_descriptor_7850
28	1C	03985E	03986C	classified	audio_descriptor_785E
28	1C	03986C	03987A	classified	audio_descriptor_786C
28	1C	03987A	039888	classified	audio_descriptor_787A
28	1C	039888	039896	classified	audio_descriptor_7888
28	1C	039896	0398A4	classified	audio_descriptor_7896
28	1C	0398A4	0398B2	classified	audio_descriptor_78A4
28	1C	0398B2	0398C0	classified	audio_descriptor_78B2
28	1C	0398C0	0398CE	classified	audio_descriptor_78C0
28	1C	0398CE	0398DC	classified	audio_descriptor_78CE
28	1C	0398DC	0398EA	classified	audio_descriptor_78DC
28	1C	0398EA	0398F8	classified	audio_descriptor_78EA
28	1C	0398F8	039906	classified	audio_descriptor_78F8
28	1C	039906	039918	classified	audio_descriptor_7906
28	1C	039918	03992A	classified	audio_descriptor_7918
28	1C	03992A	03993C	classified	audio_descriptor_792A
28	1C	03993C	03994E	classified	audio_descriptor_793C
28	1C	03994E	039960	classified	audio_descriptor_794E
28	1C	039960	039972	classified	audio_descriptor_7960
28	1C	039972	039984	classified	audio_descriptor_7972
28	1C	039984	039996	classified	audio_descriptor_7984
28	1C	039996	0399A8	classified	audio_descriptor_7996
28	1C	0399A8	0399BA	classified	audio_descriptor_79A8
28	1C	0399BA	0399CC	classified	audio_descriptor_79BA
28	1C	0399CC	0399DE	classified	audio_descriptor_79CC
28	1C	0399DE	0399F0	classified	audio_descriptor_79DE
28	1C	0399F0	039A00	classified	audio_descriptor_79F0
28	1C	039A00	039A02	classified	audio_sound_pointers,audio_descriptor_79F0
28	1C	039A02	039AAE	classified	audio_sound_pointers
28	1C	039AAE	03A000	classified	audio_sequence_039AAE
29	1D	03A000	03BAC8	classified	audio_sequence_03A000
29	1D	03BAC8	03BAC9	unknown	
29	1D	03BAC9	03BB00	classified	audio_sequence_03BAC9
29	1D	03BB00	03BB14	unknown	
29	1D	03BB14	03BBF3	classified	audio_sequence_03BB14
29	1D	03BBF3	03BC0B	unknown	
29	1D	03BC0B	03BCDC	classified	audio_sequence_03BC0B
29	1D	03BCDC	03BD01	unknown	
29	1D	03BD01	03C000	classified	audio_sequence_03BD01
30	1E	03C000	03DD70	classified	audio_sequence_03C000
30	1E	03DD70	03E000	unknown	
31	1F	03E000	03E6E4	classified	attract_demo_stream_A000
31	1F	03E6E4	03ECB4	classified	attract_demo_stream_A6E4
31	1F	03ECB4	03F224	classified	attract_demo_stream_ACB4
31	1F	03F224	040000	unknown	
